feature,auc_pr_alone,base_rate
average_exam_score,0.9354037210509573,0.0913907284768212
average_attendance,0.9077661845398788,0.0913907284768212
term_1_attendance,0.8959002489992387,0.0913907284768212
term_3_attendance,0.866795796783871,0.0913907284768212
term_2_attendance,0.8504374550911046,0.0913907284768212
science_exam_score,0.8203724875860215,0.0913907284768212
english_exam_score,0.7856322954581701,0.0913907284768212
math_exam_score,0.7272814070498111,0.0913907284768212
class_participation,0.4749139957833107,0.0913907284768212
teacher_support_rating,0.3341297089698714,0.0913907284768212
school_enjoyment,0.29330023655301674,0.0913907284768212
safety_at_school,0.27096898175283035,0.0913907284768212
safety_at_home,0.251562610884477,0.0913907284768212
age_at_start_of_academic_year,0.23334362523237476,0.0913907284768212
