seed,fold,arm,n_train_rows,n_train_positive,train_positive_pct,accuracy,precision,recall,macro_f1,auc_roc,auc_pr,tn,fp,fn,tp,n,n_positive,base_rate_pct,pred_std,pred_min,pred_max,pred_mean
42,1,none,604,56,9.3,0.9801324503311258,0.9166666666666666,0.8461538461538461,0.9345848375451263,0.959866220735786,0.9032677848467321,137,1,2,11,151,13,8.61,0.268069160056433,3.4643328602479805e-08,0.9999995077411298,0.08006255566298426
42,1,class_weight,604,56,9.3,0.9801324503311258,0.9166666666666666,0.8461538461538461,0.9345848375451263,0.9693422519509476,0.9070590426522629,137,1,2,11,151,13,8.61,0.2701592480853488,1.4820425908738437e-07,0.9999998365489827,0.08039403730931023
42,1,SMOTE,1096,548,50.0,0.9735099337748344,0.8461538461538461,0.8461538461538461,0.9158305462653289,0.991638795986622,0.9476923076923074,136,2,2,11,151,13,8.61,0.27914397313284395,1.9346212920666697e-07,0.9999997661638559,0.08658513654424312
42,1,RandomOverSample,1096,548,50.0,0.9735099337748344,0.8461538461538461,0.8461538461538461,0.9158305462653289,0.979933110367893,0.9151098901098897,136,2,2,11,151,13,8.61,0.2798955258546907,3.934942800774274e-07,0.9999996190514763,0.08595210055682016
42,1,RandomUnderSample,112,56,50.0,0.9205298013245033,0.5238095238095238,0.8461538461538461,0.8011413520632134,0.9738015607580826,0.9021097949669377,128,10,2,11,151,13,8.61,0.3355357526210685,3.095380532319036e-07,0.9999975556819908,0.13650333828980118
42,2,none,604,55,9.1,0.9867549668874173,0.9285714285714286,0.9285714285714286,0.9606360792492179,0.9994786235662149,0.995238095238095,136,1,1,13,151,14,9.27,0.28927459502420877,2.718214948456332e-08,0.9999995938156341,0.09416343924802373
42,2,class_weight,604,55,9.1,0.9867549668874173,0.9285714285714286,0.9285714285714286,0.9606360792492179,0.9994786235662149,0.995238095238095,136,1,1,13,151,14,9.27,0.2904975665620492,1.2195971991167453e-07,0.9999997674420092,0.09534356641324249
42,2,SMOTE,1098,549,50.0,0.9867549668874173,0.875,1.0,0.9629901960784314,0.9973931178310741,0.9745225013082155,135,2,0,14,151,14,9.27,0.3057292684147433,1.493154436398533e-07,0.9999997589731361,0.10626880393015178
42,2,RandomOverSample,1098,549,50.0,0.9867549668874173,0.9285714285714286,0.9285714285714286,0.9606360792492179,0.9994786235662149,0.995238095238095,136,1,1,13,151,14,9.27,0.2913729792937147,1.719933099213014e-07,0.9999997046594702,0.09651005438039457
42,2,RandomUnderSample,110,55,50.0,0.9602649006622517,0.7,1.0,0.9005706760316067,0.9932221063607926,0.9452052750924931,131,6,0,14,151,14,9.27,0.33502117863954795,2.4127844143925706e-07,0.9999985566376922,0.13644221352604893
42,3,none,604,55,9.1,0.9933774834437086,1.0,0.9285714285714286,0.9796632996632997,1.0,0.9999999999999998,137,0,1,13,151,14,9.27,0.2703130033698998,2.8469488066448228e-08,0.9999997325423866,0.0849303647272356
42,3,class_weight,604,55,9.1,1.0,1.0,1.0,1.0,1.0,0.9999999999999998,137,0,0,14,151,14,9.27,0.27985773938125985,1.3813160841432811e-07,0.9999997438211706,0.0914104540747912
42,3,SMOTE,1098,549,50.0,0.9933774834437086,1.0,0.9285714285714286,0.9796632996632997,0.9994786235662149,0.995238095238095,137,0,1,13,151,14,9.27,0.27812040951986067,1.6960377536348136e-07,0.9999997930533322,0.08802727841746295
42,3,RandomOverSample,1098,549,50.0,0.9933774834437086,1.0,0.9285714285714286,0.9796632996632997,1.0,0.9999999999999998,137,0,1,13,151,14,9.27,0.2760745347176991,1.8706013828422075e-07,0.9999997219281793,0.08651793147576244
42,3,RandomUnderSample,110,55,50.0,0.9668874172185431,0.7647058823529411,0.9285714285714286,0.910129746458755,0.996871741397289,0.9785714285714284,133,4,1,13,151,14,9.27,0.3057226827999751,2.060892427266172e-06,0.9999908078727322,0.12945066063388316
42,4,none,604,55,9.1,0.9801324503311258,1.0,0.7857142857142857,0.9345848375451263,0.9900938477580813,0.9547193877551019,137,0,3,11,151,14,9.27,0.2610650404028489,2.8015641365015917e-08,0.9999996399442077,0.07644564326597175
42,4,class_weight,604,55,9.1,0.9801324503311258,1.0,0.7857142857142857,0.9345848375451263,0.9911366006256518,0.9568027210884353,137,0,3,11,151,14,9.27,0.26185056955248087,1.3706767402822904e-07,0.999999777242396,0.07727419257191473
42,4,SMOTE,1098,549,50.0,0.9801324503311258,1.0,0.7857142857142857,0.9345848375451263,0.9843587069864443,0.9512987012987011,137,0,3,11,151,14,9.27,0.26024088322540123,1.5828998201977662e-07,0.9999997964945929,0.0747013848708273
42,4,RandomOverSample,1098,549,50.0,0.9867549668874173,0.9285714285714286,0.9285714285714286,0.9606360792492179,0.9906152241918665,0.9557274522712309,136,1,1,13,151,14,9.27,0.27633227692330803,2.012907998270752e-07,0.9999995458758424,0.08736064897914914
42,4,RandomUnderSample,110,55,50.0,0.9668874172185431,0.7647058823529411,0.9285714285714286,0.910129746458755,0.9697601668404588,0.9264705882352939,133,4,1,13,151,14,9.27,0.30161779801035127,2.161218983269847e-07,0.9999968592805439,0.11682440630408181
42,5,none,604,55,9.1,0.9867549668874173,0.875,1.0,0.9629901960784314,1.0,0.9999999999999998,135,2,0,14,151,14,9.27,0.30387331784741023,2.750541966574674e-08,0.9999995888964661,0.10459954711926191
42,5,class_weight,604,55,9.1,0.9867549668874173,0.875,1.0,0.9629901960784314,1.0,0.9999999999999998,135,2,0,14,151,14,9.27,0.3055809943979362,1.239732987649221e-07,0.9999998101560134,0.10568714574026004
42,5,SMOTE,1098,549,50.0,0.9801324503311258,0.8235294117647058,1.0,0.946077847875253,1.0,0.9999999999999998,134,3,0,14,151,14,9.27,0.3094513580411223,1.5684901681951188e-07,0.9999997897339028,0.10983908346084661
42,5,RandomOverSample,1098,549,50.0,0.9933774834437086,0.9333333333333333,1.0,0.9809271188581534,1.0,0.9999999999999998,136,1,0,14,151,14,9.27,0.2981438223865913,1.4610883730566004e-07,0.9999996289763977,0.10012764825767496
42,5,RandomUnderSample,110,55,50.0,0.9735099337748344,0.7777777777777778,1.0,0.9300925925925926,1.0,0.9999999999999999,133,4,0,14,151,14,9.27,0.32124643831973176,1.3923805627116479e-06,0.9999905145102768,0.12910607495954524
42,6,none,604,56,9.3,0.9933774834437086,1.0,0.9230769230769231,0.9781949458483754,0.9810479375696768,0.9443535188216037,138,0,1,12,151,13,8.61,0.2703493441996609,2.8121076006338862e-08,0.9999993350716234,0.07951780174604992
42,6,class_weight,604,56,9.3,0.9933774834437086,1.0,0.9230769230769231,0.9781949458483754,0.9821627647714604,0.945299145299145,138,0,1,12,151,13,8.61,0.27033983884428164,1.325688121139611e-07,0.9999996759666803,0.07985820240034278
42,6,SMOTE,1096,548,50.0,0.9933774834437086,1.0,0.9230769230769231,0.9781949458483754,0.9994425863991081,0.9945054945054943,138,0,1,12,151,13,8.61,0.2704222789770331,1.6476254609529864e-07,0.9999997247628958,0.07948719547350666
42,6,RandomOverSample,1096,548,50.0,0.9933774834437086,1.0,0.9230769230769231,0.9781949458483754,0.9894091415830547,0.9543269230769229,138,0,1,12,151,13,8.61,0.27035781087637656,1.5557767298812168e-07,0.9999996365813588,0.07948246770947195
42,6,RandomUnderSample,112,56,50.0,0.9006622516556292,0.46153846153846156,0.9230769230769231,0.779175197426148,0.975473801560758,0.8912365412365411,124,14,1,12,151,13,8.61,0.3480739039991217,1.8445621401556095e-07,0.9999998637597146,0.1694805217942055
42,7,none,604,55,9.1,0.9933774834437086,1.0,0.9285714285714286,0.9796632996632997,0.9979144942648592,0.984126984126984,137,0,1,13,151,14,9.27,0.27363888851052065,2.7682092162496646e-08,0.9999996857976671,0.08396154009383629
42,7,class_weight,604,55,9.1,0.9933774834437086,1.0,0.9285714285714286,0.9796632996632997,0.9979144942648592,0.984126984126984,137,0,1,13,151,14,9.27,0.2784367092687054,1.350660476649928e-07,0.9999998082377247,0.08584935180604657
42,7,SMOTE,1098,549,50.0,0.9933774834437086,1.0,0.9285714285714286,0.9796632996632997,0.9947862356621481,0.9702380952380951,137,0,1,13,151,14,9.27,0.2808494724938516,1.5754889072505115e-07,0.9999997438335072,0.08934137422285614
42,7,RandomOverSample,1098,549,50.0,0.9933774834437086,1.0,0.9285714285714286,0.9796632996632997,1.0,0.9999999999999998,137,0,1,13,151,14,9.27,0.28003403022272677,1.4310548071383117e-07,0.9999996753426618,0.08613315639522852
42,7,RandomUnderSample,110,55,50.0,0.8940397350993378,0.4642857142857143,0.9285714285714286,0.7787545787545788,0.9765380604796663,0.8188634759114564,122,15,1,13,151,14,9.27,0.37601297202163086,4.396377053920839e-07,0.9999998554498932,0.1826220197586165
42,8,none,604,55,9.1,0.9867549668874173,1.0,0.8571428571428571,0.9579152731326644,0.9874869655891554,0.9468253968253968,137,0,2,12,151,14,9.27,0.2659223408551055,1.1295082416105596e-07,0.999999377255865,0.0785529586887802
42,8,class_weight,604,55,9.1,0.9867549668874173,1.0,0.8571428571428571,0.9579152731326644,0.9822732012513035,0.9279616724738675,137,0,2,12,151,14,9.27,0.2679974529440925,1.6962847477033646e-07,0.9999998498763613,0.08060664607659568
42,8,SMOTE,1098,549,50.0,0.9867549668874173,1.0,0.8571428571428571,0.9579152731326644,0.9911366006256517,0.9452380952380952,137,0,2,12,151,14,9.27,0.27097629320712935,2.0373347234354368e-07,0.9999996888537437,0.08146259817371752
42,8,RandomOverSample,1098,549,50.0,0.9801324503311258,1.0,0.7857142857142857,0.9345848375451263,0.989051094890511,0.9493506493506492,137,0,3,11,151,14,9.27,0.2608283810354405,3.998823259706024e-07,0.9999995116175431,0.07550380746347486
42,8,RandomUnderSample,110,55,50.0,0.9536423841059603,0.7058823529411765,0.8571428571428571,0.8741816450422568,0.9874869655891554,0.933229813664596,132,5,2,12,151,14,9.27,0.30637072832675655,1.8736749616743188e-07,0.9999997360771781,0.12230516857409524
42,9,none,604,55,9.1,0.9933774834437086,1.0,0.9285714285714286,0.9796632996632997,0.9989572471324296,0.9910714285714284,137,0,1,13,151,14,9.27,0.2772894591804454,2.7735579195755156e-08,0.999999523330784,0.08938081065181973
42,9,class_weight,604,55,9.1,0.9933774834437086,0.9333333333333333,1.0,0.9809271188581534,0.9994786235662149,0.995238095238095,136,1,0,14,151,14,9.27,0.28809471275962784,1.2894213276435196e-07,0.9999996189163158,0.09714592118775961
42,9,SMOTE,1098,549,50.0,0.9668874172185431,0.8,0.8571428571428571,0.9046355942907667,0.9937434827945777,0.9560150375939849,134,3,2,12,151,14,9.27,0.2867506285272736,1.506879355430812e-07,0.9999997982617533,0.09848113459518781
42,9,RandomOverSample,1098,549,50.0,0.9867549668874173,0.9285714285714286,0.9285714285714286,0.9606360792492179,0.9989572471324296,0.9910714285714284,136,1,1,13,151,14,9.27,0.2866349045746377,1.5578812955841384e-07,0.9999996577784579,0.09327488015524044
42,9,RandomUnderSample,110,55,50.0,0.9602649006622517,0.7,1.0,0.9005706760316067,0.9979144942648592,0.984126984126984,131,6,0,14,151,14,9.27,0.33398301450046963,2.0270238594774485e-07,0.9999997945477246,0.1357025426780433
42,10,none,604,55,9.1,0.9735099337748344,0.8125,0.9285714285714286,0.9259803921568628,0.9973931178310741,0.9778711484593836,134,3,1,13,151,14,9.27,0.3012946399059961,2.7723260097575436e-08,0.9999997263362307,0.10342566511471815
42,10,class_weight,604,55,9.1,0.9735099337748344,0.8125,0.9285714285714286,0.9259803921568628,0.9973931178310741,0.9778711484593836,134,3,1,13,151,14,9.27,0.30423187909939287,1.2671222665003582e-07,0.9999998390085928,0.10504989447982649
42,10,SMOTE,1098,549,50.0,0.9801324503311258,0.8235294117647058,1.0,0.946077847875253,0.9973931178310741,0.9767984116723611,134,3,0,14,151,14,9.27,0.3113516372983871,1.5038492766703075e-07,0.9999997068769371,0.1122042999932344
42,10,RandomOverSample,1098,549,50.0,0.9801324503311258,0.8235294117647058,1.0,0.946077847875253,0.9968717413972888,0.9740021008403359,134,3,0,14,151,14,9.27,0.3128063608969441,1.7461398733999162e-07,0.9999996414314718,0.11152515040427521
42,10,RandomUnderSample,110,55,50.0,0.9602649006622517,0.7,1.0,0.9005706760316067,0.9916579770594369,0.9234878060535954,131,6,0,14,151,14,9.27,0.3300586834046596,9.64903914241788e-07,0.9999976964975489,0.1356525827217136
42,11,none,604,56,9.3,0.9867549668874173,0.9230769230769231,0.9230769230769231,0.9579152731326644,0.9894091415830546,0.9494178278297383,137,1,1,12,151,13,8.61,0.2788213410231797,2.845838343697363e-08,0.9999995291668303,0.08572747894828646
42,11,class_weight,604,56,9.3,0.9867549668874173,0.9230769230769231,0.9230769230769231,0.9579152731326644,0.9916387959866221,0.9541968003506462,137,1,1,12,151,13,8.61,0.2799557158371649,1.1268499957823293e-07,0.9999998071186716,0.08639160117380829
42,11,SMOTE,1096,548,50.0,0.9867549668874173,0.9230769230769231,0.9230769230769231,0.9579152731326644,0.9804905239687849,0.93843635905829,137,1,1,12,151,13,8.61,0.2762250723294017,1.7217922237724432e-07,0.9999997974804798,0.08914268786154093
42,11,RandomOverSample,1096,548,50.0,0.9867549668874173,0.9230769230769231,0.9230769230769231,0.9579152731326644,0.9916387959866221,0.9541968003506462,137,1,1,12,151,13,8.61,0.2800240548262726,1.7645542277896651e-07,0.9999996212099738,0.08599637804914564
42,11,RandomUnderSample,112,56,50.0,0.9602649006622517,0.7058823529411765,0.9230769230769231,0.8889705882352941,0.9771460423634337,0.9415954415954415,133,5,1,12,151,13,8.61,0.29122586953558766,3.334508216642071e-07,0.9999983136492153,0.10729994346797778
42,12,none,604,55,9.1,0.9933774834437086,1.0,0.9285714285714286,0.9796632996632997,0.9890510948905109,0.9571428571428571,137,0,1,13,151,14,9.27,0.2786267782577281,2.768370582576874e-08,0.9999996207462019,0.08670657312383913
42,12,class_weight,604,55,9.1,0.9933774834437086,1.0,0.9285714285714286,0.9796632996632997,0.9895724713242962,0.957983193277311,137,0,1,13,151,14,9.27,0.2781423365892403,1.389653831578212e-07,0.9999997926374319,0.08870612487042401
42,12,SMOTE,1098,549,50.0,0.9801324503311258,0.8666666666666667,0.9285714285714286,0.94278135657446,0.9953076120959332,0.9689239332096473,135,2,1,13,151,14,9.27,0.29697952683746326,1.5586958213530292e-07,0.9999997842215814,0.10020575940697493
42,12,RandomOverSample,1098,549,50.0,0.9867549668874173,1.0,0.8571428571428571,0.9579152731326644,0.9911366006256518,0.9608294930875574,137,0,2,12,151,14,9.27,0.27111876178468863,2.0641030995495052e-07,0.9999995585093917,0.08321272521060347
42,12,RandomUnderSample,110,55,50.0,0.9668874172185431,0.7368421052631579,1.0,0.9149487439450266,0.9979144942648592,0.984126984126984,132,5,0,14,151,14,9.27,0.3248146021994372,4.477028130348254e-07,0.9999927865164434,0.13140348923812262
42,13,none,604,55,9.1,0.9933774834437086,1.0,0.9285714285714286,0.9796632996632997,0.9958289885297185,0.9740259740259738,137,0,1,13,151,14,9.27,0.28038239679862875,3.354944560137298e-08,0.99999962067212,0.08713710908887828
42,13,class_weight,604,55,9.1,0.9933774834437086,1.0,0.9285714285714286,0.9796632996632997,0.9953076120959332,0.9720496894409936,137,0,1,13,151,14,9.27,0.28045484569671786,1.4728097103793618e-07,0.9999998019222028,0.08728974514501749
42,13,SMOTE,1098,549,50.0,0.9933774834437086,1.0,0.9285714285714286,0.9796632996632997,0.9927007299270073,0.9642857142857142,137,0,1,13,151,14,9.27,0.2805330522782926,1.87376220564219e-07,0.999999735636023,0.08890307439042493
42,13,RandomOverSample,1098,549,50.0,0.9867549668874173,0.9285714285714286,0.9285714285714286,0.9606360792492179,0.9932221063607924,0.9656084656084656,136,1,1,13,151,14,9.27,0.28994558819199023,2.985585265492711e-07,0.9999997095706197,0.09470758184122714
42,13,RandomUnderSample,110,55,50.0,0.9470198675496688,0.65,0.9285714285714286,0.8674275680421422,0.9921793534932222,0.9630541871921181,130,7,1,13,151,14,9.27,0.3274172746904519,5.707546421564528e-07,0.9999997184401572,0.13992557808436007
42,14,none,604,55,9.1,0.9867549668874173,1.0,0.8571428571428571,0.9579152731326644,0.9994786235662149,0.995238095238095,137,0,2,12,151,14,9.27,0.2625713450313072,2.7603397548285155e-08,0.9999995003769975,0.07805525741166067
42,14,class_weight,604,55,9.1,0.9867549668874173,1.0,0.8571428571428571,0.9579152731326644,0.9994786235662149,0.995238095238095,137,0,2,12,151,14,9.27,0.26810446001470023,1.3932088113626285e-07,0.9999997447179535,0.08191319082464171
42,14,SMOTE,1098,549,50.0,1.0,1.0,1.0,1.0,1.0,0.9999999999999998,137,0,0,14,151,14,9.27,0.28719880848292034,1.646684259950357e-07,0.9999997454274565,0.09547960120366636
42,14,RandomOverSample,1098,549,50.0,0.9933774834437086,0.9333333333333333,1.0,0.9809271188581534,0.9984358706986445,0.9846415489272631,136,1,0,14,151,14,9.27,0.2853213750212398,1.6815314500789298e-07,0.9999996921877273,0.09378634558162165
42,14,RandomUnderSample,110,55,50.0,0.9536423841059603,0.6666666666666666,1.0,0.8868913857677903,0.9942648592283629,0.9490292289164468,130,7,0,14,151,14,9.27,0.33278038696047985,1.910758966964537e-06,0.999999824587993,0.14041746053742027
42,15,none,604,55,9.1,0.9801324503311258,1.0,0.7857142857142857,0.9345848375451263,0.9937434827945777,0.9515606242496997,137,0,3,11,151,14,9.27,0.2594841974858803,2.815096207232369e-08,0.9999996985781165,0.07659866383757759
42,15,class_weight,604,55,9.1,0.9867549668874173,1.0,0.8571428571428571,0.9579152731326644,0.994786235662148,0.9627976190476188,137,0,2,12,151,14,9.27,0.26518963996784894,1.3567809007301727e-07,0.9999997063021638,0.08416851849163838
42,15,SMOTE,1098,549,50.0,0.9735099337748344,0.8571428571428571,0.8571428571428571,0.9212721584984358,0.9937434827945777,0.9563492063492061,135,2,2,12,151,14,9.27,0.28666996144116863,1.479120896573526e-07,0.9999997388707291,0.09633814623784236
42,15,RandomOverSample,1098,549,50.0,0.9801324503311258,0.9230769230769231,0.8571428571428571,0.938989898989899,0.9973931178310741,0.9790249433106575,136,1,2,12,151,14,9.27,0.2768824814652015,1.6965595077356573e-07,0.9999997124495285,0.08980951979442739
42,15,RandomUnderSample,110,55,50.0,0.9470198675496688,0.65,0.9285714285714286,0.8674275680421422,0.9833159541188738,0.8648081358267045,130,7,1,13,151,14,9.27,0.3208731704507258,3.9844745412815243e-07,0.9999996894645581,0.14381132275055852
42,16,none,604,56,9.3,0.9867549668874173,0.9230769230769231,0.9230769230769231,0.9579152731326644,0.992196209587514,0.9601139601139599,137,1,1,12,151,13,8.61,0.2802688125007815,2.6892071405431016e-08,0.99999955109949,0.08605806160000425
42,16,class_weight,604,56,9.3,0.9867549668874173,0.9230769230769231,0.9230769230769231,0.9579152731326644,0.9882943143812709,0.9524886877828054,137,1,1,12,151,13,8.61,0.28042470743302367,1.3842696740387824e-07,0.9999997217796229,0.08619770364207874
42,16,SMOTE,1096,548,50.0,0.9867549668874173,0.9230769230769231,0.9230769230769231,0.9579152731326644,0.9910813823857303,0.9575596816976124,137,1,1,12,151,13,8.61,0.28041136847620085,1.705476001273086e-07,0.9999997456254196,0.08611096268711114
42,16,RandomOverSample,1096,548,50.0,0.9867549668874173,0.9230769230769231,0.9230769230769231,0.9579152731326644,0.9966555183946488,0.9757085020242913,137,1,1,12,151,13,8.61,0.2800302152966143,3.0230572282316224e-07,0.999999690466398,0.08599101567103928
42,16,RandomUnderSample,112,56,50.0,0.9735099337748344,0.8,0.9230769230769231,0.9212721584984358,0.9871794871794872,0.9508547008547006,135,3,1,12,151,13,8.61,0.2902575964742068,1.3489372624453304e-07,0.9999995250204994,0.10533351460412171
42,17,none,604,55,9.1,0.9801324503311258,0.9230769230769231,0.8571428571428571,0.938989898989899,0.9973931178310741,0.9790249433106575,136,1,2,12,151,14,9.27,0.2756264671808235,2.9800103877843104e-08,0.9999995889810496,0.08943508029753229
42,17,class_weight,604,55,9.1,0.9867549668874173,0.875,1.0,0.9629901960784314,0.9984358706986445,0.9846415489272632,135,2,0,14,151,14,9.27,0.2850145908233936,1.4011963984144642e-07,0.9999998265019402,0.10022356677960721
42,17,SMOTE,1098,549,50.0,0.9735099337748344,0.8125,0.9285714285714286,0.9259803921568628,0.996871741397289,0.9785714285714284,134,3,1,13,151,14,9.27,0.29941630351401766,1.5326964939514068e-07,0.999999642933761,0.10353202293145794
42,17,RandomOverSample,1098,549,50.0,0.9801324503311258,0.8666666666666667,0.9285714285714286,0.94278135657446,0.9963503649635037,0.973469387755102,135,2,1,13,151,14,9.27,0.2893137265852428,1.5908014137692405e-07,0.999999604032408,0.09924633649127844
42,17,RandomUnderSample,110,55,50.0,0.8940397350993378,0.4666666666666667,1.0,0.7871740662438337,0.9833159541188738,0.8509299232513517,121,16,0,14,151,14,9.27,0.38378475525909533,1.3171177937137958e-07,0.9999996077489974,0.20215958951531623
42,18,none,604,55,9.1,0.9867549668874173,1.0,0.8571428571428571,0.9579152731326644,1.0,0.9999999999999998,137,0,2,12,151,14,9.27,0.262597895514035,3.1115885095609815e-08,0.9999995739635804,0.07823233773846022
42,18,class_weight,604,55,9.1,0.9867549668874173,1.0,0.8571428571428571,0.9579152731326644,1.0,0.9999999999999998,137,0,2,12,151,14,9.27,0.26811723684401373,1.4270948115564088e-07,0.9999998136559202,0.0816222317594651
42,18,SMOTE,1098,549,50.0,0.9933774834437086,0.9333333333333333,1.0,0.9809271188581534,0.9994786235662149,0.995238095238095,136,1,0,14,151,14,9.27,0.2916723435297265,1.6717875981600805e-07,0.9999997928008065,0.10114311889829365
42,18,RandomOverSample,1098,549,50.0,0.9867549668874173,1.0,0.8571428571428571,0.9579152731326644,1.0,0.9999999999999998,137,0,2,12,151,14,9.27,0.2627360700578995,1.274960070960661e-07,0.9999997184663854,0.07793390549799782
42,18,RandomUnderSample,110,55,50.0,0.9602649006622517,0.7222222222222222,0.9285714285714286,0.8951388888888889,0.9947862356621481,0.9576007326007325,132,5,1,13,151,14,9.27,0.321043475524558,2.89954837794634e-06,0.9999991267330454,0.12542356244536546
42,19,none,604,55,9.1,0.9867549668874173,0.9285714285714286,0.9285714285714286,0.9606360792492179,0.9890510948905109,0.9571428571428571,136,1,1,13,151,14,9.27,0.2827877052029986,2.7491504981697067e-08,0.9999995872740641,0.0896868135134823
42,19,class_weight,604,55,9.1,0.9867549668874173,0.9285714285714286,0.9285714285714286,0.9606360792492179,0.9874869655891554,0.9548872180451127,136,1,1,13,151,14,9.27,0.2870312344818235,1.1093629848557616e-07,0.9999997848137475,0.09172698797902015
42,19,SMOTE,1098,549,50.0,0.9867549668874173,0.9285714285714286,0.9285714285714286,0.9606360792492179,0.9984358706986445,0.9873949579831931,136,1,1,13,151,14,9.27,0.28289384147697255,1.5474908232539007e-07,0.9999997534760553,0.09000966574844532
42,19,RandomOverSample,1098,549,50.0,0.9801324503311258,0.8666666666666667,0.9285714285714286,0.94278135657446,0.9963503649635036,0.976190476190476,135,2,1,13,151,14,9.27,0.29111756937381356,2.3316380195328405e-07,0.9999996079574001,0.09659210439317319
42,19,RandomUnderSample,110,55,50.0,0.9801324503311258,0.8666666666666667,0.9285714285714286,0.94278135657446,0.9937434827945777,0.9670329670329669,135,2,1,13,151,14,9.27,0.28966242346569787,6.567725812651327e-07,0.9999927557815369,0.10094574113066367
42,20,none,604,55,9.1,0.9801324503311258,1.0,0.7857142857142857,0.9345848375451263,0.9906152241918665,0.9457671957671956,137,0,3,11,151,14,9.27,0.25602626260737166,2.833870453794791e-08,0.9999995467862877,0.07235973704316949
42,20,class_weight,604,55,9.1,0.9801324503311258,1.0,0.7857142857142857,0.9345848375451263,0.9864442127215849,0.9326105442176869,137,0,3,11,151,14,9.27,0.25894088785718095,1.450122272825634e-07,0.9999997041568058,0.07368245562599128
42,20,SMOTE,1098,549,50.0,0.9801324503311258,1.0,0.7857142857142857,0.9345848375451263,0.9859228362877999,0.9529616724738674,137,0,3,11,151,14,9.27,0.25974751614476843,1.5832478367816032e-07,0.9999997804833314,0.07438342524145654
42,20,RandomOverSample,1098,549,50.0,0.9867549668874173,1.0,0.8571428571428571,0.9579152731326644,0.9885297184567258,0.9563492063492063,137,0,2,12,151,14,9.27,0.26455061707390565,1.6405957246587107e-07,0.9999996921348984,0.0774427857047094
42,20,RandomUnderSample,110,55,50.0,0.9801324503311258,0.9230769230769231,0.8571428571428571,0.938989898989899,0.986444212721585,0.9316087138667781,136,1,2,12,151,14,9.27,0.26995106260978174,1.5926709277338754e-07,0.9999987517696767,0.08857144187052667
42,21,none,604,56,9.3,0.9801324503311258,0.9166666666666666,0.8461538461538461,0.9345848375451263,0.9972129319955407,0.9704231665770124,137,1,2,11,151,13,8.61,0.2647686531292676,2.7986374106300024e-08,0.999999633097519,0.08138687080212713
42,21,class_weight,604,56,9.3,0.9867549668874173,0.9230769230769231,0.9230769230769231,0.9579152731326644,0.9972129319955407,0.9704231665770124,137,1,1,12,151,13,8.61,0.2756839725862362,1.3019848556496335e-07,0.999999783944129,0.08758011282524773
42,21,SMOTE,1096,548,50.0,0.9801324503311258,0.8571428571428571,0.9230769230769231,0.938989898989899,0.9966555183946488,0.9653513153513151,136,2,1,12,151,13,8.61,0.2799280589057097,1.5759457009247573e-07,0.9999998143721318,0.08996777724160207
42,21,RandomOverSample,1096,548,50.0,0.9933774834437086,0.9285714285714286,1.0,0.9796632996632997,0.9983277591973244,0.9821780783319243,137,1,0,13,151,13,8.61,0.2790115461490967,1.5871416276903136e-07,0.9999996819516449,0.09078590576061214
42,21,RandomUnderSample,112,56,50.0,0.9470198675496688,0.6190476190476191,1.0,0.8674275680421422,0.9888517279821627,0.8824556665054402,130,8,0,13,151,13,8.61,0.33986062255974275,1.6095933434134726e-07,0.9999996284543972,0.15282811344656166
42,22,none,604,55,9.1,0.9933774834437086,1.0,0.9285714285714286,0.9796632996632997,0.9973931178310741,0.9812030075187967,137,0,1,13,151,14,9.27,0.27969960006029426,2.7461747728707715e-08,0.9999995683572414,0.08647024754001541
42,22,class_weight,604,55,9.1,0.9933774834437086,1.0,0.9285714285714286,0.9796632996632997,0.9937434827945777,0.9670329670329669,137,0,1,13,151,14,9.27,0.28194618986138575,1.4017662957882696e-07,0.999999717120264,0.08931371014744435
42,22,SMOTE,1098,549,50.0,0.9801324503311258,0.8666666666666667,0.9285714285714286,0.94278135657446,0.9906152241918664,0.9598214285714284,135,2,1,13,151,14,9.27,0.2908797545578354,1.553991933650933e-07,0.9999997711525148,0.0978781117186421
42,22,RandomOverSample,1098,549,50.0,0.9933774834437086,1.0,0.9285714285714286,0.9796632996632997,0.9994786235662149,0.995238095238095,137,0,1,13,151,14,9.27,0.28067928143662424,1.5952170729138268e-07,0.9999997145083859,0.08872682934690404
42,22,RandomUnderSample,110,55,50.0,0.9735099337748344,0.7777777777777778,1.0,0.9300925925925926,0.9932221063607926,0.9318372104086388,133,4,0,14,151,14,9.27,0.3151042807709947,2.429935928682796e-07,0.9999991593557386,0.12429543071236927
42,23,none,604,55,9.1,0.9801324503311258,1.0,0.7857142857142857,0.9345848375451263,0.9796663190823776,0.9129560915275199,137,0,3,11,151,14,9.27,0.25597062506528073,3.396707105515153e-08,0.9999994696990576,0.07273587871059467
42,23,class_weight,604,55,9.1,0.9735099337748344,0.9166666666666666,0.7857142857142857,0.9158305462653289,0.9661105318039626,0.9017807122849137,136,1,3,11,151,14,9.27,0.2680774383208986,1.4728344025136178e-07,0.9999996636365468,0.08170028830305644
42,23,SMOTE,1098,549,50.0,0.9801324503311258,0.9230769230769231,0.8571428571428571,0.938989898989899,0.9916579770594369,0.9536891679748822,136,1,2,12,151,14,9.27,0.27489838403592476,1.971464953313646e-07,0.9999997244568581,0.08475589549847345
42,23,RandomOverSample,1098,549,50.0,0.9801324503311258,1.0,0.7857142857142857,0.9345848375451263,0.9822732012513035,0.9122918132770348,137,0,3,11,151,14,9.27,0.2593846781287889,3.302438666655965e-07,0.999999694736777,0.0729705551002266
42,23,RandomUnderSample,110,55,50.0,0.9470198675496688,0.6666666666666666,0.8571428571428571,0.8601851851851852,0.9827945776850886,0.8949764316143625,131,6,2,12,151,14,9.27,0.3218679051351594,3.894824236538234e-07,0.9999999109953376,0.13138725622139508
42,24,none,604,55,9.1,1.0,1.0,1.0,1.0,1.0,0.9999999999999998,137,0,0,14,151,14,9.27,0.28994041176690405,2.739774805829795e-08,0.9999991378674015,0.09422980559094656
42,24,class_weight,604,55,9.1,1.0,1.0,1.0,1.0,1.0,0.9999999999999998,137,0,0,14,151,14,9.27,0.2904081803859062,1.1314986539480733e-07,0.9999994472547395,0.09641251608550874
42,24,SMOTE,1098,549,50.0,0.9801324503311258,0.8235294117647058,1.0,0.946077847875253,1.0,0.9999999999999998,134,3,0,14,151,14,9.27,0.31170846074520253,1.5256534288605783e-07,0.9999996934615438,0.11210367829088644
42,24,RandomOverSample,1098,549,50.0,0.9933774834437086,0.9333333333333333,1.0,0.9809271188581534,1.0,0.9999999999999998,136,1,0,14,151,14,9.27,0.2973538005778341,1.569063184022023e-07,0.9999996139027071,0.09938022080920271
42,24,RandomUnderSample,110,55,50.0,0.9536423841059603,0.6666666666666666,1.0,0.8868913857677903,0.9989572471324296,0.9910714285714285,130,7,0,14,151,14,9.27,0.32963563122925316,2.0707495987452666e-07,0.9999995447939565,0.1433272137319919
42,25,none,604,55,9.1,0.9867549668874173,1.0,0.8571428571428571,0.9579152731326644,0.9932221063607924,0.9656084656084656,137,0,2,12,151,14,9.27,0.27099857388201526,3.149349957965163e-08,0.9999995777312491,0.08159561219847353
42,25,class_weight,604,55,9.1,0.9933774834437086,1.0,0.9285714285714286,0.9796632996632997,0.996871741397289,0.9785714285714284,137,0,1,13,151,14,9.27,0.27507725083421336,1.1792067773452476e-07,0.9999997484494239,0.08413804002340046
42,25,SMOTE,1098,549,50.0,0.9933774834437086,1.0,0.9285714285714286,0.9796632996632997,0.9854014598540146,0.9523809523809523,137,0,1,13,151,14,9.27,0.2806214855815508,1.6152487570933277e-07,0.9999997485686304,0.08760240833847531
42,25,RandomOverSample,1098,549,50.0,0.9867549668874173,0.9285714285714286,0.9285714285714286,0.9606360792492179,0.9953076120959332,0.9689239332096473,136,1,1,13,151,14,9.27,0.28145812561261463,1.4472099477144822e-07,0.9999996881036122,0.08924987535622439
42,25,RandomUnderSample,110,55,50.0,0.9801324503311258,0.8666666666666667,0.9285714285714286,0.94278135657446,0.9734098018769552,0.9439560439560439,135,2,1,13,151,14,9.27,0.29735172528049564,1.526876773738492e-07,0.999999482768712,0.11353497858573637
123,1,none,604,56,9.3,0.9801324503311258,0.8571428571428571,0.9230769230769231,0.938989898989899,0.9966555183946488,0.9727153188691648,136,2,1,12,151,13,8.61,0.27977275471240987,2.832959168375608e-08,0.9999993465719526,0.09008148021135827
123,1,class_weight,604,56,9.3,0.9867549668874173,0.9230769230769231,0.9230769230769231,0.9579152731326644,0.9966555183946488,0.9727153188691648,137,1,1,12,151,13,8.61,0.28217915604166793,1.4576595328551863e-07,0.9999997213074634,0.09290358863440885
123,1,SMOTE,1096,548,50.0,0.9735099337748344,0.8,0.9230769230769231,0.9212721584984358,0.9949832775919732,0.9685314685314683,135,3,1,12,151,13,8.61,0.28909122421898215,1.6015582633146472e-07,0.9999996815010319,0.09582152865499456
123,1,RandomOverSample,1096,548,50.0,0.9735099337748344,0.8,0.9230769230769231,0.9212721584984358,0.9983277591973244,0.9855769230769227,135,3,1,12,151,13,8.61,0.2942470210142171,1.5172139379114633e-07,0.9999997437190351,0.09987136735671327
123,1,RandomUnderSample,112,56,50.0,0.9536423841059603,0.6666666666666666,0.9230769230769231,0.8741816450422568,0.9944258639910813,0.952885171508653,132,6,1,12,151,13,8.61,0.31926808702735193,2.9938928538872897e-07,0.9999971828292619,0.12343262041333661
123,2,none,604,55,9.1,0.9801324503311258,0.9230769230769231,0.8571428571428571,0.938989898989899,0.9927007299270073,0.9471956614813757,136,1,2,12,151,14,9.27,0.2779238992628523,2.8867184287066363e-08,0.9999996322293987,0.0874132929839111
123,2,class_weight,604,55,9.1,0.9867549668874173,0.9285714285714286,0.9285714285714286,0.9606360792492179,0.9927007299270073,0.956436420722135,136,1,1,13,151,14,9.27,0.2834396383534712,1.382827194394367e-07,0.9999997733318241,0.09071557472873149
123,2,SMOTE,1098,549,50.0,0.9801324503311258,0.8666666666666667,0.9285714285714286,0.94278135657446,0.9812304483837331,0.9388082155939297,135,2,1,13,151,14,9.27,0.29400323624084584,1.642124155040039e-07,0.9999996956834363,0.09912893638979582
123,2,RandomOverSample,1098,549,50.0,0.9867549668874173,0.9285714285714286,0.9285714285714286,0.9606360792492179,0.9947862356621481,0.9702380952380951,136,1,1,13,151,14,9.27,0.2887650544558089,1.6887819170133191e-07,0.9999996570171921,0.09233716210811072
123,2,RandomUnderSample,110,55,50.0,0.9403973509933775,0.6190476190476191,0.9285714285714286,0.8545746388443018,0.9838373305526591,0.8527188614373488,129,8,1,13,151,14,9.27,0.33880195937943536,1.6762742083966793e-07,0.9999997470971245,0.14056030481962983
123,3,none,604,55,9.1,0.9933774834437086,0.9333333333333333,1.0,0.9809271188581534,1.0,0.9999999999999998,136,1,0,14,151,14,9.27,0.2961901041361629,2.7727912887610395e-08,0.999999507887995,0.09904434958673572
123,3,class_weight,604,55,9.1,0.9933774834437086,0.9333333333333333,1.0,0.9809271188581534,1.0,0.9999999999999999,136,1,0,14,151,14,9.27,0.295343274128436,1.4666362249490523e-07,0.999999618306769,0.09994358392395576
123,3,SMOTE,1098,549,50.0,1.0,1.0,1.0,1.0,1.0,0.9999999999999998,137,0,0,14,151,14,9.27,0.29072477409070463,1.7558125570775266e-07,0.9999997615428899,0.09698671388368961
123,3,RandomOverSample,1098,549,50.0,0.9933774834437086,0.9333333333333333,1.0,0.9809271188581534,1.0,0.9999999999999998,136,1,0,14,151,14,9.27,0.29822556426765195,1.6318045756028852e-07,0.9999997177355642,0.09931260865205226
123,3,RandomUnderSample,110,55,50.0,0.9801324503311258,0.8235294117647058,1.0,0.946077847875253,1.0,0.9999999999999999,134,3,0,14,151,14,9.27,0.3103221871740494,4.332175759389283e-07,0.9999952117517992,0.12444996384440035
123,4,none,604,55,9.1,0.9867549668874173,1.0,0.8571428571428571,0.9579152731326644,0.9906152241918664,0.9435714285714285,137,0,2,12,151,14,9.27,0.27031228108704636,3.189003407852873e-08,0.9999994913515613,0.08020790523104118
123,4,class_weight,604,55,9.1,0.9867549668874173,1.0,0.8571428571428571,0.9579152731326644,0.989051094890511,0.9420634920634918,137,0,2,12,151,14,9.27,0.2703764766559957,1.4236644941102425e-07,0.9999996657739034,0.07989260493688015
123,4,SMOTE,1098,549,50.0,0.9801324503311258,0.9230769230769231,0.8571428571428571,0.938989898989899,0.9927007299270073,0.9575091575091574,136,1,2,12,151,14,9.27,0.278997070660514,1.8612014222153973e-07,0.9999997883618735,0.08564717900979113
123,4,RandomOverSample,1098,549,50.0,0.9867549668874173,1.0,0.8571428571428571,0.9579152731326644,0.9947862356621481,0.9627976190476188,137,0,2,12,151,14,9.27,0.2704340410812037,3.238306736935825e-07,0.9999996071692503,0.07960981953573228
123,4,RandomUnderSample,110,55,50.0,0.9668874172185431,0.8,0.8571428571428571,0.9046355942907667,0.9869655891553702,0.90006105006105,134,3,2,12,151,14,9.27,0.29292618933249975,4.6801690870601306e-07,0.9999998412152976,0.10923535409593736
123,5,none,604,55,9.1,0.9933774834437086,1.0,0.9285714285714286,0.9796632996632997,0.9994786235662149,0.9952380952380951,137,0,1,13,151,14,9.27,0.27779989538553224,2.759196415648888e-08,0.9999995972776438,0.08667573979915794
123,5,class_weight,604,55,9.1,0.9867549668874173,0.9285714285714286,0.9285714285714286,0.9606360792492179,0.9989572471324296,0.9910714285714285,136,1,1,13,151,14,9.27,0.279495455179949,1.0245574358896413e-07,0.9999997320665618,0.08990589931808823
123,5,SMOTE,1098,549,50.0,0.9801324503311258,0.8666666666666667,0.9285714285714286,0.94278135657446,0.996871741397289,0.9785714285714284,135,2,1,13,151,14,9.27,0.2927894018099048,1.6525455356814936e-07,0.9999997856922693,0.0981203499283337
123,5,RandomOverSample,1098,549,50.0,0.9933774834437086,1.0,0.9285714285714286,0.9796632996632997,0.9984358706986445,0.9873949579831931,137,0,1,13,151,14,9.27,0.2777057127201458,1.5908121361227742e-07,0.9999996513039345,0.08732352813503604
123,5,RandomUnderSample,110,55,50.0,0.9735099337748344,0.7777777777777778,1.0,0.9300925925925926,0.9979144942648592,0.9822929171668667,133,4,0,14,151,14,9.27,0.30957625264959676,3.024880971084775e-07,0.9999995591389507,0.12192492145576203
123,6,none,604,56,9.3,0.9801324503311258,0.8125,1.0,0.94278135657446,1.0,1.0,135,3,0,13,151,13,8.61,0.30158496005797814,2.9122340742617763e-08,0.9999993056258519,0.10418228832026862
123,6,class_weight,604,56,9.3,0.9801324503311258,0.8125,1.0,0.94278135657446,1.0,1.0,135,3,0,13,151,13,8.61,0.3012899997103031,1.453020237639953e-07,0.9999998076573927,0.10620337582487807
123,6,SMOTE,1096,548,50.0,0.9801324503311258,0.8125,1.0,0.94278135657446,1.0,0.9999999999999998,135,3,0,13,151,13,8.61,0.30561943721226176,1.6035103483016245e-07,0.9999997507694308,0.11277812392121886
123,6,RandomOverSample,1096,548,50.0,0.9801324503311258,0.8125,1.0,0.94278135657446,1.0,0.9999999999999998,135,3,0,13,151,13,8.61,0.302681150655453,1.6896694355950286e-07,0.9999996650078214,0.10429750858013666
123,6,RandomUnderSample,112,56,50.0,0.9072847682119205,0.48148148148148145,1.0,0.7982824427480917,0.9894091415830546,0.8858161948659686,124,14,0,13,151,13,8.61,0.36848290141180146,1.1620120534532375e-07,0.99999988937654,0.17843641058489149
123,7,none,604,55,9.1,0.9867549668874173,1.0,0.8571428571428571,0.9579152731326644,0.921793534932221,0.879101007491604,137,0,2,12,151,14,9.27,0.2619218835173352,2.8199134538167518e-08,0.9999997284265714,0.07810207285662621
123,7,class_weight,604,55,9.1,0.9801324503311258,0.9230769230769231,0.8571428571428571,0.938989898989899,0.9077163712200208,0.8760747354497354,136,1,2,12,151,14,9.27,0.2681883306807617,1.4436891410686035e-07,0.9999997750986169,0.08147845695489336
123,7,SMOTE,1098,549,50.0,0.9668874172185431,0.8461538461538461,0.7857142857142857,0.8983164983164983,0.9181438998957246,0.8623780837636257,135,2,3,11,151,14,9.27,0.2741381017097344,2.1369068611102982e-07,0.9999997657075472,0.08619984871214945
123,7,RandomOverSample,1098,549,50.0,0.9735099337748344,0.8571428571428571,0.8571428571428571,0.9212721584984358,0.8941605839416058,0.8653026751241035,135,2,2,12,151,14,9.27,0.27764953602637615,2.5009875109584254e-07,0.9999996926946243,0.08797568980599431
123,7,RandomUnderSample,110,55,50.0,0.9470198675496688,0.6666666666666666,0.8571428571428571,0.8601851851851852,0.8764337851929093,0.8718425301154943,131,6,2,12,151,14,9.27,0.31310141049203677,2.6195174936871046e-07,0.9999991500878689,0.12263682897808664
123,8,none,604,55,9.1,0.9867549668874173,1.0,0.8571428571428571,0.9579152731326644,0.9713242961418144,0.908824640967498,137,0,2,12,151,14,9.27,0.26458283025284046,2.7666624945544237e-08,0.9999994876873501,0.07763584112843717
123,8,class_weight,604,55,9.1,0.9867549668874173,1.0,0.8571428571428571,0.9579152731326644,0.9744525547445255,0.9093189964157704,137,0,2,12,151,14,9.27,0.26749028129291647,1.243028497678344e-07,0.9999997672203147,0.0805268198218395
123,8,SMOTE,1098,549,50.0,0.9867549668874173,1.0,0.8571428571428571,0.9579152731326644,0.986444212721585,0.9422055984555984,137,0,2,12,151,14,9.27,0.26836393142682746,1.532848748588669e-07,0.9999997497398354,0.08250318498339133
123,8,RandomOverSample,1098,549,50.0,0.9867549668874173,1.0,0.8571428571428571,0.9579152731326644,0.9760166840458812,0.9102813852813851,137,0,2,12,151,14,9.27,0.2693455352869647,1.8896175414864439e-07,0.9999995079680267,0.07920744330605294
123,8,RandomUnderSample,110,55,50.0,0.9536423841059603,0.6842105263157895,0.9285714285714286,0.8809282415230371,0.9942648592283629,0.9537316849816848,131,6,1,13,151,14,9.27,0.3256123090683284,1.6989253680293565e-07,0.9999995277966041,0.13797159902939166
123,9,none,604,55,9.1,0.9801324503311258,0.9230769230769231,0.8571428571428571,0.938989898989899,0.9979144942648592,0.9822929171668666,136,1,2,12,151,14,9.27,0.27834678096406035,2.7428172851949955e-08,0.9999997325003503,0.08675829468365445
123,9,class_weight,604,55,9.1,0.9801324503311258,0.9230769230769231,0.8571428571428571,0.938989898989899,0.9973931178310741,0.9778711484593836,136,1,2,12,151,14,9.27,0.2802105753433336,1.381883389736387e-07,0.9999997476174554,0.09096092526814994
123,9,SMOTE,1098,549,50.0,0.9867549668874173,0.9285714285714286,0.9285714285714286,0.9606360792492179,0.996871741397289,0.9785714285714284,136,1,1,13,151,14,9.27,0.27899793459215455,1.5794528630052417e-07,0.9999997514460108,0.0906378808769325
123,9,RandomOverSample,1098,549,50.0,0.9933774834437086,1.0,0.9285714285714286,0.9796632996632997,0.9989572471324296,0.9910714285714284,137,0,1,13,151,14,9.27,0.27426056042492336,1.6020460562525436e-07,0.9999997297654397,0.08571632032892525
123,9,RandomUnderSample,110,55,50.0,0.9536423841059603,0.6666666666666666,1.0,0.8868913857677903,0.9984358706986445,0.9859693877551019,130,7,0,14,151,14,9.27,0.32944586846628743,6.848679237532605e-06,0.9999977135916792,0.1460333219067523
123,10,none,604,55,9.1,1.0,1.0,1.0,1.0,1.0,0.9999999999999998,137,0,0,14,151,14,9.27,0.2859036438243145,2.755594989190342e-08,0.9999996286066077,0.09133137670961865
123,10,class_weight,604,55,9.1,1.0,1.0,1.0,1.0,1.0,0.9999999999999998,137,0,0,14,151,14,9.27,0.2851672352238651,1.2869017716815833e-07,0.9999997683411338,0.0910491703436082
123,10,SMOTE,1098,549,50.0,1.0,1.0,1.0,1.0,1.0,0.9999999999999998,137,0,0,14,151,14,9.27,0.28989636812767,1.5992980812713887e-07,0.9999997365920813,0.09281629632684128
123,10,RandomOverSample,1098,549,50.0,1.0,1.0,1.0,1.0,1.0,0.9999999999999998,137,0,0,14,151,14,9.27,0.2868039225873193,1.487388007852447e-07,0.9999996915126782,0.09158554675102108
123,10,RandomUnderSample,110,55,50.0,0.9801324503311258,0.8235294117647058,1.0,0.946077847875253,1.0,0.9999999999999998,134,3,0,14,151,14,9.27,0.310619619931938,4.316704885940658e-06,0.9999895413603603,0.12129459374710569
123,11,none,604,56,9.3,1.0,1.0,1.0,1.0,1.0,0.9999999999999998,138,0,0,13,151,13,8.61,0.2804988483502055,2.8073148114379908e-08,0.9999995337226895,0.08875887917663147
123,11,class_weight,604,56,9.3,0.9933774834437086,0.9285714285714286,1.0,0.9796632996632997,1.0,0.9999999999999998,137,1,0,13,151,13,8.61,0.28191430040123727,1.1403589728316536e-07,0.9999997473052066,0.09029109786225085
123,11,SMOTE,1096,548,50.0,1.0,1.0,1.0,1.0,1.0,0.9999999999999998,138,0,0,13,151,13,8.61,0.28007140692942906,1.6353987305233667e-07,0.9999997338429449,0.08727017390845755
123,11,RandomOverSample,1096,548,50.0,1.0,1.0,1.0,1.0,1.0,0.9999999999999998,138,0,0,13,151,13,8.61,0.27911522562727825,1.4987029726159606e-07,0.9999996880036043,0.085884608438817
123,11,RandomUnderSample,112,56,50.0,0.9801324503311258,0.8125,1.0,0.94278135657446,0.9972129319955406,0.9674927636466095,135,3,0,13,151,13,8.61,0.2975286389285787,2.5341222549299156e-06,0.9999992906340569,0.10689837780696101
123,12,none,604,55,9.1,0.9867549668874173,1.0,0.8571428571428571,0.9579152731326644,0.9963503649635036,0.976190476190476,137,0,2,12,151,14,9.27,0.2520668856127269,2.805666724117085e-08,0.9999997155602239,0.07345457272768062
123,12,class_weight,604,55,9.1,0.9867549668874173,1.0,0.8571428571428571,0.9579152731326644,0.9958289885297185,0.9740259740259738,137,0,2,12,151,14,9.27,0.2638171199453056,1.3264357310286383e-07,0.9999998059186622,0.07761952793174422
123,12,SMOTE,1098,549,50.0,0.9801324503311258,1.0,0.7857142857142857,0.9345848375451263,0.9953076120959332,0.9666666666666666,137,0,3,11,151,14,9.27,0.25639436624589323,1.4976520439380395e-07,0.9999997557970993,0.07417686072649472
123,12,RandomOverSample,1098,549,50.0,0.9867549668874173,1.0,0.8571428571428571,0.9579152731326644,1.0,0.9999999999999998,137,0,2,12,151,14,9.27,0.2590425667634488,1.854673803152846e-07,0.9999997484993932,0.07573347493964312
123,12,RandomUnderSample,110,55,50.0,0.9735099337748344,0.8571428571428571,0.8571428571428571,0.9212721584984358,0.9822732012513034,0.8888239794752397,135,2,2,12,151,14,9.27,0.27983045802502,5.490963316759462e-07,0.9999992962779637,0.09519119666518105
123,13,none,604,55,9.1,0.9933774834437086,1.0,0.9285714285714286,0.9796632996632997,0.9869655891553701,0.9542124542124543,137,0,1,13,151,14,9.27,0.27468009463413035,2.5620759446323617e-08,0.9999995907929407,0.08446263625450584
123,13,class_weight,604,55,9.1,0.9933774834437086,1.0,0.9285714285714286,0.9796632996632997,0.9885297184567258,0.9563492063492065,137,0,1,13,151,14,9.27,0.27850514040323304,1.3063288208087873e-07,0.999999805597269,0.08658497168573216
123,13,SMOTE,1098,549,50.0,0.9933774834437086,1.0,0.9285714285714286,0.9796632996632997,0.9822732012513034,0.9494047619047619,137,0,1,13,151,14,9.27,0.28034009273803134,1.6347010953461995e-07,0.9999996475966381,0.08660405040481538
123,13,RandomOverSample,1098,549,50.0,0.9933774834437086,1.0,0.9285714285714286,0.9796632996632997,0.9827945776850886,0.9498480243161094,137,0,1,13,151,14,9.27,0.27986391653095083,1.6404549864496584e-07,0.9999996342868941,0.08782219827776813
123,13,RandomUnderSample,110,55,50.0,0.9536423841059603,0.6842105263157895,0.9285714285714286,0.8809282415230371,0.9895724713242962,0.9579831932773109,131,6,1,13,151,14,9.27,0.3212294069015252,1.2132329139055575e-07,0.9999994521850205,0.12999775720077802
123,14,none,604,55,9.1,0.9735099337748344,0.8571428571428571,0.8571428571428571,0.9212721584984358,0.8884254431699687,0.8684982761069716,135,2,2,12,151,14,9.27,0.2850086831464019,2.772941944763215e-08,0.9999997180444236,0.09108450754422599
123,14,class_weight,604,55,9.1,0.9735099337748344,0.8571428571428571,0.8571428571428571,0.9212721584984358,0.9124087591240876,0.8657717282717282,135,2,2,12,151,14,9.27,0.28921373907227427,1.4757109513550464e-07,0.9999998315759044,0.09301259206353092
123,14,SMOTE,1098,549,50.0,0.9801324503311258,0.9230769230769231,0.8571428571428571,0.938989898989899,0.8847758081334725,0.8675341425844443,136,1,2,12,151,14,9.27,0.2802443303482917,2.1094850855174406e-07,0.9999997808486981,0.0866141590757278
123,14,RandomOverSample,1098,549,50.0,0.9735099337748344,0.8571428571428571,0.8571428571428571,0.9212721584984358,0.8691345151199166,0.865614225330039,135,2,2,12,151,14,9.27,0.2897844088697195,2.7464644100419995e-07,0.9999996668244007,0.09273514766677875
123,14,RandomUnderSample,110,55,50.0,0.9139072847682119,0.5217391304347826,0.8571428571428571,0.7997960224375319,0.9447340980187695,0.8861445393374741,126,11,2,12,151,14,9.27,0.3517966994346314,2.0608564641665391e-07,0.9999996375494103,0.15466400762798238
123,15,none,604,55,9.1,0.9867549668874173,0.9285714285714286,0.9285714285714286,0.9606360792492179,0.9859228362877999,0.9529616724738674,136,1,1,13,151,14,9.27,0.2845500863026576,2.893010049986885e-08,0.9999996009655716,0.09075432783782353
123,15,class_weight,604,55,9.1,0.9867549668874173,0.9285714285714286,0.9285714285714286,0.9606360792492179,0.9874869655891554,0.9548872180451127,136,1,1,13,151,14,9.27,0.2852667906986995,1.2103487738743594e-07,0.9999998096725935,0.09201164290370308
123,15,SMOTE,1098,549,50.0,0.9867549668874173,0.9285714285714286,0.9285714285714286,0.9606360792492179,0.9958289885297185,0.9740259740259738,136,1,1,13,151,14,9.27,0.28618397656174877,1.6627180651646673e-07,0.9999997370788632,0.09512833514007468
123,15,RandomOverSample,1098,549,50.0,0.9867549668874173,0.9285714285714286,0.9285714285714286,0.9606360792492179,0.9906152241918664,0.9598214285714284,136,1,1,13,151,14,9.27,0.28965095968924787,1.7481488333433568e-07,0.9999996133794917,0.09268073173736065
123,15,RandomUnderSample,110,55,50.0,0.9867549668874173,0.875,1.0,0.9629901960784314,0.999478623566215,0.995238095238095,135,2,0,14,151,14,9.27,0.29965159603304486,2.012735481337543e-06,0.9999927617888533,0.11371354990245941
123,16,none,604,56,9.3,0.9801324503311258,1.0,0.7692307692307693,0.9294062646096306,0.9358974358974359,0.8635007782280042,138,0,3,10,151,13,8.61,0.24030365340515725,3.00545121360853e-08,0.9999997595393836,0.06387767543682724
123,16,class_weight,604,56,9.3,0.9801324503311258,1.0,0.7692307692307693,0.9294062646096306,0.9292084726867336,0.8606878902584301,138,0,3,10,151,13,8.61,0.24853549767066171,1.3959411745012898e-07,0.9999998186389136,0.06833198338275348
123,16,SMOTE,1096,548,50.0,0.9801324503311258,1.0,0.7692307692307693,0.9294062646096306,0.927536231884058,0.8722158843980875,138,0,3,10,151,13,8.61,0.25029439197692516,1.9740377031867322e-07,0.9999997428240999,0.06908176502960817
123,16,RandomOverSample,1096,548,50.0,0.9735099337748344,0.9090909090909091,0.7692307692307693,0.9094724220623501,0.8807134894091416,0.8512495231674102,137,1,3,10,151,13,8.61,0.2528902062945283,2.3760873157024772e-07,0.9999996959693248,0.07077686078152651
123,16,RandomUnderSample,112,56,50.0,0.9536423841059603,0.7142857142857143,0.7692307692307693,0.8576430976430975,0.955964325529543,0.859622316482505,134,4,3,10,151,13,8.61,0.2801596036547631,3.628982995272585e-07,0.9999993339707989,0.10083871438912165
123,17,none,604,55,9.1,0.9867549668874173,0.875,1.0,0.9629901960784314,1.0,0.9999999999999998,135,2,0,14,151,14,9.27,0.2885534596375924,2.7742375115126764e-08,0.9999995964298986,0.0981917420556199
123,17,class_weight,604,55,9.1,0.9867549668874173,0.875,1.0,0.9629901960784314,0.9994786235662149,0.995238095238095,135,2,0,14,151,14,9.27,0.2972270014881321,1.2952990182932017e-07,0.9999997506895031,0.10464714969295287
123,17,SMOTE,1098,549,50.0,0.9735099337748344,0.7777777777777778,1.0,0.9300925925925926,0.9989572471324296,0.9901360544217686,133,4,0,14,151,14,9.27,0.3093323818413059,1.6737804400865626e-07,0.9999997350645333,0.1141855526451156
123,17,RandomOverSample,1098,549,50.0,0.9867549668874173,0.875,1.0,0.9629901960784314,1.0,0.9999999999999998,135,2,0,14,151,14,9.27,0.3016249640787942,1.248048511507238e-07,0.9999996714366928,0.10526857179049728
123,17,RandomUnderSample,110,55,50.0,0.9337748344370861,0.5833333333333334,1.0,0.849481658692185,0.9911366006256517,0.9294475365903936,127,10,0,14,151,14,9.27,0.3453967770191736,6.773748284497417e-07,0.9999991895852969,0.17290262961274808
123,18,none,604,55,9.1,0.9933774834437086,1.0,0.9285714285714286,0.9796632996632997,0.9869655891553701,0.9542124542124542,137,0,1,13,151,14,9.27,0.27901446953266484,2.749028756385811e-08,0.9999995995440951,0.08572109988347494
123,18,class_weight,604,55,9.1,0.9933774834437086,1.0,0.9285714285714286,0.9796632996632997,0.9854014598540146,0.9523809523809523,137,0,1,13,151,14,9.27,0.2802469916302044,1.1000567749406879e-07,0.9999997533659655,0.08638751962591469
123,18,SMOTE,1098,549,50.0,0.9933774834437086,1.0,0.9285714285714286,0.9796632996632997,0.9947862356621481,0.9702380952380951,137,0,1,13,151,14,9.27,0.2792693138441273,1.5862743441610877e-07,0.9999996447420908,0.08728978607851512
123,18,RandomOverSample,1098,549,50.0,0.9933774834437086,1.0,0.9285714285714286,0.9796632996632997,0.9890510948905109,0.9571428571428571,137,0,1,13,151,14,9.27,0.2799644565427062,1.8680937406897317e-07,0.9999996134923947,0.08679712176484235
123,18,RandomUnderSample,110,55,50.0,0.9536423841059603,0.6842105263157895,0.9285714285714286,0.8809282415230371,0.986444212721585,0.8294837445254248,131,6,1,13,151,14,9.27,0.32566927597696516,1.69274735658077e-07,0.9999996811664476,0.12870869038482727
123,19,none,604,55,9.1,1.0,1.0,1.0,1.0,1.0,0.9999999999999998,137,0,0,14,151,14,9.27,0.2897688716961003,2.764376163838276e-08,0.9999995711474198,0.0933966525638307
123,19,class_weight,604,55,9.1,1.0,1.0,1.0,1.0,1.0,0.9999999999999998,137,0,0,14,151,14,9.27,0.2908470513745062,1.1400190014529548e-07,0.9999997093974259,0.09613565173192659
123,19,SMOTE,1098,549,50.0,0.9933774834437086,0.9333333333333333,1.0,0.9809271188581534,1.0,0.9999999999999998,136,1,0,14,151,14,9.27,0.29777486162321715,1.7619771983286498e-07,0.9999997704280378,0.09903676046315567
123,19,RandomOverSample,1098,549,50.0,1.0,1.0,1.0,1.0,1.0,0.9999999999999998,137,0,0,14,151,14,9.27,0.2899526449749321,1.6567941656998833e-07,0.9999997489000318,0.09377225208257423
123,19,RandomUnderSample,110,55,50.0,0.9668874172185431,0.7368421052631579,1.0,0.9149487439450266,0.994786235662148,0.9484497645211929,132,5,0,14,151,14,9.27,0.32691465430949207,1.8912895987913357e-07,0.9999995380852162,0.13166995662094305
123,20,none,604,55,9.1,0.9867549668874173,0.9285714285714286,0.9285714285714286,0.9606360792492179,0.9921793534932222,0.9630541871921181,136,1,1,13,151,14,9.27,0.2870411233405732,2.7716858468891738e-08,0.9999993612061043,0.094198243269276
123,20,class_weight,604,55,9.1,0.9801324503311258,0.8666666666666667,0.9285714285714286,0.94278135657446,0.9859228362877999,0.9529616724738674,135,2,1,13,151,14,9.27,0.29319504867273577,1.4474357261698388e-07,0.9999996809806005,0.09863487467053902
123,20,SMOTE,1098,549,50.0,0.9801324503311258,0.8666666666666667,0.9285714285714286,0.94278135657446,0.9827945776850886,0.9498480243161094,135,2,1,13,151,14,9.27,0.2884806682961351,1.7696653252759845e-07,0.9999997777490449,0.09642371153110485
123,20,RandomOverSample,1098,549,50.0,0.9801324503311258,0.8666666666666667,0.9285714285714286,0.94278135657446,0.9906152241918664,0.9598214285714284,135,2,1,13,151,14,9.27,0.29366705541904015,1.9646275930523682e-07,0.9999996311698746,0.09903546054475738
123,20,RandomUnderSample,110,55,50.0,0.9668874172185431,0.7647058823529411,0.9285714285714286,0.910129746458755,0.9942648592283628,0.9552197802197802,133,4,1,13,151,14,9.27,0.3132739842184369,1.719570722245658e-07,0.9999998053037059,0.12684595476718455
123,21,none,604,56,9.3,0.9867549668874173,0.9230769230769231,0.9230769230769231,0.9579152731326644,0.9994425863991081,0.9945054945054943,137,1,1,12,151,13,8.61,0.27743524944764975,2.803899899333687e-08,0.9999997819783686,0.09006313453325895
123,21,class_weight,604,56,9.3,0.9933774834437086,0.9285714285714286,1.0,0.9796632996632997,0.9994425863991081,0.9945054945054943,137,1,0,13,151,13,8.61,0.2877696485567049,1.4424312646850275e-07,0.9999998355928515,0.09333763641354706
123,21,SMOTE,1096,548,50.0,0.9867549668874173,0.9230769230769231,0.9230769230769231,0.9579152731326644,0.9983277591973244,0.9855769230769227,137,1,1,12,151,13,8.61,0.2798395646555686,1.6519494542440038e-07,0.9999998193068806,0.0878054276823462
123,21,RandomOverSample,1096,548,50.0,0.9933774834437086,0.9285714285714286,1.0,0.9796632996632997,0.9983277591973244,0.9821780783319243,137,1,0,13,151,13,8.61,0.28604588907811185,1.639213766785907e-07,0.9999996965757002,0.0922577685403773
123,21,RandomUnderSample,112,56,50.0,0.9470198675496688,0.631578947368421,0.9230769230769231,0.8601851851851852,0.9927536231884059,0.9615384615384612,131,7,1,12,151,13,8.61,0.3140437720884778,2.2780153464196325e-07,0.9999994270689242,0.13123753349316625
123,22,none,604,55,9.1,0.9933774834437086,0.9333333333333333,1.0,0.9809271188581534,1.0,0.9999999999999998,136,1,0,14,151,14,9.27,0.2954134824520869,2.7181515845925173e-08,0.9999994393673431,0.09812378121677374
123,22,class_weight,604,55,9.1,0.9933774834437086,0.9333333333333333,1.0,0.9809271188581534,1.0,0.9999999999999999,136,1,0,14,151,14,9.27,0.29449676990249246,1.3836147008378105e-07,0.9999995784815829,0.09765275128057783
123,22,SMOTE,1098,549,50.0,0.9933774834437086,0.9333333333333333,1.0,0.9809271188581534,1.0,0.9999999999999998,136,1,0,14,151,14,9.27,0.2970734748888719,1.677238421713902e-07,0.9999997497270499,0.10077464809707158
123,22,RandomOverSample,1098,549,50.0,0.9933774834437086,0.9333333333333333,1.0,0.9809271188581534,1.0,0.9999999999999998,136,1,0,14,151,14,9.27,0.2983296769927209,1.4983358816445704e-07,0.999999683438401,0.0990794350683079
123,22,RandomUnderSample,110,55,50.0,0.9668874172185431,0.7368421052631579,1.0,0.9149487439450266,0.9994786235662149,0.995238095238095,132,5,0,14,151,14,9.27,0.32911651911861045,1.822379328807612e-07,0.9999997887110594,0.1365842374141239
123,23,none,604,55,9.1,0.9801324503311258,1.0,0.7857142857142857,0.9345848375451263,0.9906152241918665,0.9557274522712309,137,0,3,11,151,14,9.27,0.2597089682754114,2.798843394429605e-08,0.9999997538274401,0.07371863746842772
123,23,class_weight,604,55,9.1,0.9801324503311258,1.0,0.7857142857142857,0.9345848375451263,0.9900938477580813,0.9547193877551019,137,0,3,11,151,14,9.27,0.2622834778063981,1.3752180635357563e-07,0.9999998365720436,0.07957328133203648
123,23,SMOTE,1098,549,50.0,0.9933774834437086,1.0,0.9285714285714286,0.9796632996632997,0.9869655891553701,0.9542124542124542,137,0,1,13,151,14,9.27,0.27973210795447234,1.6544321047382452e-07,0.9999997750658121,0.08717292439927515
123,23,RandomOverSample,1098,549,50.0,0.9867549668874173,1.0,0.8571428571428571,0.9579152731326644,0.9911366006256518,0.9608294930875574,137,0,2,12,151,14,9.27,0.2687739642379085,1.6779325665510328e-07,0.9999996713321931,0.08107304580736265
123,23,RandomUnderSample,110,55,50.0,0.9735099337748344,0.8125,0.9285714285714286,0.9259803921568628,0.9786235662148071,0.9292919090713208,134,3,1,13,151,14,9.27,0.29573766139693397,9.58980165346317e-08,0.9999997000179012,0.10816992092701365
123,24,none,604,55,9.1,0.9867549668874173,0.9285714285714286,0.9285714285714286,0.9606360792492179,0.9994786235662149,0.995238095238095,136,1,1,13,151,14,9.27,0.283598989091347,2.8151820237678406e-08,0.9999996909953637,0.09329653966938296
123,24,class_weight,604,55,9.1,0.9933774834437086,0.9333333333333333,1.0,0.9809271188581534,0.9994786235662149,0.9952380952380951,136,1,0,14,151,14,9.27,0.2928464672679833,1.3447126628772645e-07,0.9999998054712934,0.0997890883389037
123,24,SMOTE,1098,549,50.0,0.9801324503311258,0.8235294117647058,1.0,0.946077847875253,1.0,0.9999999999999998,134,3,0,14,151,14,9.27,0.3014013317563173,1.725431295557969e-07,0.999999787699253,0.108600331763014
123,24,RandomOverSample,1098,549,50.0,1.0,1.0,1.0,1.0,1.0,0.9999999999999998,137,0,0,14,151,14,9.27,0.2910887064142477,1.6174372809536137e-07,0.9999996526928767,0.09676956208385859
123,24,RandomUnderSample,110,55,50.0,0.9205298013245033,0.5384615384615384,1.0,0.8270992366412213,0.9942648592283629,0.9401418143014779,125,12,0,14,151,14,9.27,0.35573489788284524,1.6197891623325923e-07,0.999999719199862,0.16459057170432156
123,25,none,604,55,9.1,0.9735099337748344,0.9166666666666666,0.7857142857142857,0.9158305462653289,0.9306569343065693,0.8231180385924399,136,1,3,11,151,14,9.27,0.2702784715594128,2.8771240064048837e-08,0.9999996643141299,0.07952594150088577
123,25,class_weight,604,55,9.1,0.9735099337748344,0.9166666666666666,0.7857142857142857,0.9158305462653289,0.9249217935349322,0.8214757893329321,136,1,3,11,151,14,9.27,0.27035104231930907,1.219884374229822e-07,0.9999998518617552,0.08057781814411417
123,25,SMOTE,1098,549,50.0,0.9668874172185431,0.8461538461538461,0.7857142857142857,0.8983164983164983,0.8852971845672575,0.8469185296877478,135,2,3,11,151,14,9.27,0.2666216927533106,2.052797713796888e-07,0.9999997632823753,0.08135151698458457
123,25,RandomOverSample,1098,549,50.0,0.9668874172185431,0.8461538461538461,0.7857142857142857,0.8983164983164983,0.8607924921793534,0.8400755857898714,135,2,3,11,151,14,9.27,0.27347022258927084,3.4661429002747055e-07,0.9999996167002186,0.08349516486816273
123,25,RandomUnderSample,110,55,50.0,0.9403973509933775,0.631578947368421,0.8571428571428571,0.8469077391010477,0.8910323253388946,0.7944737384587008,130,7,2,12,151,14,9.27,0.3301589650735739,5.607679816141198e-07,0.9999994077109395,0.12739202941553357
456,1,none,604,56,9.3,0.9801324503311258,1.0,0.7692307692307693,0.9294062646096306,0.9855072463768116,0.9354700854700853,138,0,3,10,151,13,8.61,0.2427519527124484,2.769118077514235e-08,0.9999994698500725,0.06535900066401269
456,1,class_weight,604,56,9.3,0.9801324503311258,1.0,0.7692307692307693,0.9294062646096306,0.9894091415830547,0.9421750663129971,138,0,3,10,151,13,8.61,0.24400666374455138,1.3017975658916163e-07,0.9999997667292109,0.06716928297401993
456,1,SMOTE,1096,548,50.0,0.9867549668874173,1.0,0.8461538461538461,0.954736211031175,0.9938684503901896,0.9530840676351509,138,0,2,11,151,13,8.61,0.2595224207964222,1.5511042041098558e-07,0.9999997720453309,0.07655816718027976
456,1,RandomOverSample,1096,548,50.0,0.9735099337748344,0.9090909090909091,0.7692307692307693,0.9094724220623501,0.9944258639910815,0.9583685545224003,137,1,3,10,151,13,8.61,0.2538078465201704,1.9697148590273808e-07,0.9999996430221323,0.07421118000838199
456,1,RandomUnderSample,112,56,50.0,0.9801324503311258,0.8571428571428571,0.9230769230769231,0.938989898989899,0.9938684503901896,0.9502535925612847,136,2,1,12,151,13,8.61,0.2759797391611973,6.530563409913098e-07,0.9999975633285733,0.09602527274909167
456,2,none,604,55,9.1,0.9867549668874173,1.0,0.8571428571428571,0.9579152731326644,0.9958289885297185,0.9740259740259739,137,0,2,12,151,14,9.27,0.270378309363999,2.9306711674144337e-08,0.9999996806043422,0.08093582104902466
456,2,class_weight,604,55,9.1,0.9867549668874173,1.0,0.8571428571428571,0.9579152731326644,0.9947862356621481,0.9702380952380951,137,0,2,12,151,14,9.27,0.270398122922669,1.119932194967029e-07,0.9999997509509814,0.08179283245685194
456,2,SMOTE,1098,549,50.0,0.9867549668874173,0.9285714285714286,0.9285714285714286,0.9606360792492179,0.9859228362877999,0.9529616724738674,136,1,1,13,151,14,9.27,0.28241582886885075,1.647002825722546e-07,0.9999996413778942,0.08993323207881176
456,2,RandomOverSample,1098,549,50.0,0.9801324503311258,0.9230769230769231,0.8571428571428571,0.938989898989899,0.9927007299270073,0.9605064247921389,136,1,2,12,151,14,9.27,0.2817558721314362,1.4188730948798626e-07,0.9999996635281321,0.08898490619926883
456,2,RandomUnderSample,110,55,50.0,0.9602649006622517,0.7222222222222222,0.9285714285714286,0.8951388888888889,0.9921793534932222,0.9630541871921181,132,5,1,13,151,14,9.27,0.31174820440471795,1.1902040607972434e-07,0.9999996816284084,0.1268919873129618
456,3,none,604,55,9.1,0.9867549668874173,0.9285714285714286,0.9285714285714286,0.9606360792492179,0.9994786235662149,0.995238095238095,136,1,1,13,151,14,9.27,0.2823200983828725,2.8463262294575804e-08,0.9999995587877072,0.09401254871082676
456,3,class_weight,604,55,9.1,0.9867549668874173,0.875,1.0,0.9629901960784314,0.9994786235662149,0.995238095238095,135,2,0,14,151,14,9.27,0.3012481043645023,1.3397807067246576e-07,0.9999996245715022,0.10589194844216283
456,3,SMOTE,1098,549,50.0,0.9933774834437086,0.9333333333333333,1.0,0.9809271188581534,0.9989572471324296,0.9901360544217686,136,1,0,14,151,14,9.27,0.29049507097971383,1.4530447311334482e-07,0.9999996914625274,0.10069475612644434
456,3,RandomOverSample,1098,549,50.0,0.9867549668874173,0.875,1.0,0.9629901960784314,0.9994786235662149,0.995238095238095,135,2,0,14,151,14,9.27,0.3037307462200177,1.9265509506142027e-07,0.9999996383744276,0.10543182554338401
456,3,RandomUnderSample,110,55,50.0,0.9536423841059603,0.6842105263157895,0.9285714285714286,0.8809282415230371,0.9953076120959332,0.9720496894409936,131,6,1,13,151,14,9.27,0.31849709012169286,5.165796893671955e-07,0.9999753043483414,0.13959254927944065
456,4,none,604,55,9.1,0.9867549668874173,0.9285714285714286,0.9285714285714286,0.9606360792492179,0.9916579770594369,0.9619047619047618,136,1,1,13,151,14,9.27,0.28329987753944885,3.598955906361482e-08,0.9999995704570976,0.09045856252443471
456,4,class_weight,604,55,9.1,0.9933774834437086,1.0,0.9285714285714286,0.9796632996632997,0.9911366006256518,0.9608294930875574,137,0,1,13,151,14,9.27,0.28039582146558933,1.4368276357451645e-07,0.9999997395668961,0.0887824093174655
456,4,SMOTE,1098,549,50.0,0.9867549668874173,0.9285714285714286,0.9285714285714286,0.9606360792492179,0.9895724713242962,0.9579831932773109,136,1,1,13,151,14,9.27,0.2833695709815698,1.5884836474546543e-07,0.9999997817444516,0.09150113748133196
456,4,RandomOverSample,1098,549,50.0,0.9801324503311258,0.8666666666666667,0.9285714285714286,0.94278135657446,0.9932221063607924,0.9656084656084656,135,2,1,13,151,14,9.27,0.287591673705395,2.4600827111035356e-07,0.9999996890835626,0.09450248083365095
456,4,RandomUnderSample,110,55,50.0,0.9337748344370861,0.5909090909090909,0.9285714285714286,0.8423141186299081,0.9807090719499479,0.9087551337551336,128,9,1,13,151,14,9.27,0.34420347665696926,3.964511349900207e-07,0.9999996968615743,0.15016938063848215
456,5,none,604,55,9.1,0.9933774834437086,0.9333333333333333,1.0,0.9809271188581534,1.0,0.9999999999999998,136,1,0,14,151,14,9.27,0.29576620756996624,2.7404373987487002e-08,0.9999997454083824,0.09832686023285406
456,5,class_weight,604,55,9.1,0.9933774834437086,0.9333333333333333,1.0,0.9809271188581534,1.0,0.9999999999999998,136,1,0,14,151,14,9.27,0.29326328245231004,1.37067505823824e-07,0.9999997609051267,0.09750075927056097
456,5,SMOTE,1098,549,50.0,0.9867549668874173,0.875,1.0,0.9629901960784314,0.9989572471324296,0.9901360544217686,135,2,0,14,151,14,9.27,0.3008734294264102,1.958528601917327e-07,0.9999997153531532,0.10605498158387362
456,5,RandomOverSample,1098,549,50.0,0.9933774834437086,0.9333333333333333,1.0,0.9809271188581534,1.0,0.9999999999999998,136,1,0,14,151,14,9.27,0.29301150714371704,1.4999688143452418e-07,0.9999997311592376,0.09754035913203872
456,5,RandomUnderSample,110,55,50.0,0.9337748344370861,0.5833333333333334,1.0,0.849481658692185,0.9895724713242962,0.8670387152530009,127,10,0,14,151,14,9.27,0.33704796536786574,2.566246164859744e-07,0.9999959684045506,0.16300839116799723
456,6,none,604,56,9.3,0.9867549668874173,1.0,0.8461538461538461,0.954736211031175,0.9994425863991081,0.9945054945054943,138,0,2,11,151,13,8.61,0.2596447715271287,2.708677216798274e-08,0.9999997586226904,0.07307800122448578
456,6,class_weight,604,56,9.3,0.9867549668874173,1.0,0.8461538461538461,0.954736211031175,1.0,0.9999999999999998,138,0,2,11,151,13,8.61,0.25973070299206696,1.3141637593307045e-07,0.9999997861561458,0.07312881499542105
456,6,SMOTE,1096,548,50.0,0.9801324503311258,0.8571428571428571,0.9230769230769231,0.938989898989899,0.9944258639910815,0.9626143087681547,136,2,1,12,151,13,8.61,0.279789425729199,1.6275322366413298e-07,0.9999997881842677,0.0917374800498564
456,6,RandomOverSample,1096,548,50.0,0.9933774834437086,1.0,0.9230769230769231,0.9781949458483754,1.0,0.9999999999999998,138,0,1,12,151,13,8.61,0.2644248104586453,1.619952436325563e-07,0.9999996979104466,0.07955031493224052
456,6,RandomUnderSample,112,56,50.0,0.9470198675496688,0.6190476190476191,1.0,0.8674275680421422,0.9977703455964326,0.9787545787545784,130,8,0,13,151,13,8.61,0.32377151307951485,1.5126114978829535e-07,0.9999995798810075,0.1393397705131768
456,7,none,604,55,9.1,0.9867549668874173,1.0,0.8571428571428571,0.9579152731326644,0.9843587069864441,0.9291383219954648,137,0,2,12,151,14,9.27,0.27087335877965774,2.9370280323392988e-08,0.9999994014767605,0.08156356221946864
456,7,class_weight,604,55,9.1,0.9867549668874173,1.0,0.8571428571428571,0.9579152731326644,0.9749739311783108,0.9198790627362055,137,0,2,12,151,14,9.27,0.2710390210777094,1.2653071012508976e-07,0.9999997170497968,0.08160156436872705
456,7,SMOTE,1098,549,50.0,0.9668874172185431,0.8,0.8571428571428571,0.9046355942907667,0.9885297184567258,0.9305715118215117,134,3,2,12,151,14,9.27,0.29239504998426336,2.1190571951992807e-07,0.9999997911072153,0.09897914623918108
456,7,RandomOverSample,1098,549,50.0,0.9801324503311258,0.9230769230769231,0.8571428571428571,0.938989898989899,0.9895724713242962,0.9432129173508481,136,1,2,12,151,14,9.27,0.2787381637582735,3.0971849184328485e-07,0.9999996350230378,0.085553306838817
456,7,RandomUnderSample,110,55,50.0,0.9668874172185431,0.7647058823529411,0.9285714285714286,0.910129746458755,0.9895724713242962,0.9474366359447004,133,4,1,13,151,14,9.27,0.30020310421727764,7.907261478212782e-07,0.9999974896132637,0.11565580860305505
456,8,none,604,55,9.1,1.0,1.0,1.0,1.0,1.0,0.9999999999999998,137,0,0,14,151,14,9.27,0.2891144551816941,2.747729852603444e-08,0.999999032790047,0.0928105941093853
456,8,class_weight,604,55,9.1,1.0,1.0,1.0,1.0,1.0,0.9999999999999998,137,0,0,14,151,14,9.27,0.28921756805923116,1.3495669567062257e-07,0.9999995773363349,0.09371967158549237
456,8,SMOTE,1098,549,50.0,1.0,1.0,1.0,1.0,1.0,0.9999999999999998,137,0,0,14,151,14,9.27,0.2903788045182806,1.5866617560633252e-07,0.9999997852904713,0.09689871948207264
456,8,RandomOverSample,1098,549,50.0,1.0,1.0,1.0,1.0,1.0,0.9999999999999998,137,0,0,14,151,14,9.27,0.2899863319366208,1.4824488489078563e-07,0.9999996425851873,0.09278470251634834
456,8,RandomUnderSample,110,55,50.0,0.9602649006622517,0.7,1.0,0.9005706760316067,0.9947862356621481,0.9484497645211929,131,6,0,14,151,14,9.27,0.32683842127554963,1.1897676103472993e-07,0.9999987745429327,0.13386241592404768
456,9,none,604,55,9.1,0.9801324503311258,1.0,0.7857142857142857,0.9345848375451263,0.989051094890511,0.9419421304501949,137,0,3,11,151,14,9.27,0.2608343941916315,2.925443592599105e-08,0.99999969100435,0.07726820084944017
456,9,class_weight,604,55,9.1,0.9801324503311258,0.9230769230769231,0.8571428571428571,0.938989898989899,0.9932221063607924,0.9590476190476189,136,1,2,12,151,14,9.27,0.2709987506388624,1.4702422536113853e-07,0.9999998553502629,0.08464949756975358
456,9,SMOTE,1098,549,50.0,0.9867549668874173,0.9285714285714286,0.9285714285714286,0.9606360792492179,0.986444212721585,0.9442906717342807,136,1,1,13,151,14,9.27,0.2763002571698163,1.9007627660270474e-07,0.9999997289636029,0.09004714289877257
456,9,RandomOverSample,1098,549,50.0,0.9735099337748344,0.9166666666666666,0.7857142857142857,0.9158305462653289,0.9880083420229405,0.9429648782589959,136,1,3,11,151,14,9.27,0.2681893417989228,1.9573663197729628e-07,0.9999996203280399,0.08479702923193491
456,9,RandomUnderSample,110,55,50.0,0.9536423841059603,0.7333333333333333,0.7857142857142857,0.8664898320070733,0.970281543274244,0.8929018976011456,133,4,3,11,151,14,9.27,0.28597654939872885,1.5507544943999726e-07,0.9999991127472022,0.10422842426354853
456,10,none,604,55,9.1,0.9933774834437086,0.9333333333333333,1.0,0.9809271188581534,1.0,0.9999999999999998,136,1,0,14,151,14,9.27,0.29805701462509654,2.721169423492806e-08,0.9999996560426574,0.1000367232762732
456,10,class_weight,604,55,9.1,0.9933774834437086,0.9333333333333333,1.0,0.9809271188581534,1.0,0.9999999999999998,136,1,0,14,151,14,9.27,0.29801477742244853,1.4415043844363936e-07,0.9999997816066515,0.10217070898271685
456,10,SMOTE,1098,549,50.0,0.9867549668874173,0.875,1.0,0.9629901960784314,1.0,0.9999999999999998,135,2,0,14,151,14,9.27,0.3074203332438391,1.706026064270073e-07,0.9999997542180021,0.10854492581407438
456,10,RandomOverSample,1098,549,50.0,0.9933774834437086,0.9333333333333333,1.0,0.9809271188581534,1.0,0.9999999999999998,136,1,0,14,151,14,9.27,0.29845154007032376,1.5599546776395687e-07,0.999999695438276,0.10163752289843878
456,10,RandomUnderSample,110,55,50.0,0.9801324503311258,0.8235294117647058,1.0,0.946077847875253,1.0,0.9999999999999998,134,3,0,14,151,14,9.27,0.30948646413903697,2.302328596593681e-06,0.9999953997051898,0.12140426926974852
456,11,none,604,56,9.3,0.9801324503311258,1.0,0.7692307692307693,0.9294062646096306,0.996098104793757,0.9697913422609776,138,0,3,10,151,13,8.61,0.24859497188646057,3.368651548155433e-08,0.9999997526262819,0.06625658491082786
456,11,class_weight,604,56,9.3,0.9801324503311258,1.0,0.7692307692307693,0.9294062646096306,0.995540691192865,0.9706959706959704,138,0,3,10,151,13,8.61,0.24856951231443197,1.3573999978095648e-07,0.9999997967030734,0.0664757095361566
456,11,SMOTE,1096,548,50.0,0.9801324503311258,1.0,0.7692307692307693,0.9294062646096306,0.9944258639910815,0.9665551839464881,138,0,3,10,151,13,8.61,0.249798974227012,1.948907496047457e-07,0.9999997309988355,0.06867537479583462
456,11,RandomOverSample,1096,548,50.0,0.9801324503311258,1.0,0.7692307692307693,0.9294062646096306,0.9966555183946488,0.9695730363151174,138,0,3,10,151,13,8.61,0.2486545070894824,2.3169777678417833e-07,0.9999997365493759,0.06630141456307101
456,11,RandomUnderSample,112,56,50.0,0.9735099337748344,0.8461538461538461,0.8461538461538461,0.9158305462653289,0.9654403567447045,0.9033240515140966,136,2,2,11,151,13,8.61,0.2788498294583838,4.7484872650493294e-07,0.9999986025552845,0.09466148038258865
456,12,none,604,55,9.1,0.9801324503311258,1.0,0.7857142857142857,0.9345848375451263,0.9979144942648592,0.984126984126984,137,0,3,11,151,14,9.27,0.2601845582634984,2.7793765609561803e-08,0.9999996281095942,0.0746883569971463
456,12,class_weight,604,55,9.1,0.9867549668874173,1.0,0.8571428571428571,0.9579152731326644,0.9979144942648592,0.984126984126984,137,0,2,12,151,14,9.27,0.26775338335711996,1.0520596719868074e-07,0.9999997830044198,0.07955659260435805
456,12,SMOTE,1098,549,50.0,0.9735099337748344,0.8571428571428571,0.8571428571428571,0.9212721584984358,0.9911366006256517,0.9492673992673992,135,2,2,12,151,14,9.27,0.2769117482208096,1.563174731263236e-07,0.9999998011355957,0.08999005044060397
456,12,RandomOverSample,1098,549,50.0,0.9933774834437086,1.0,0.9285714285714286,0.9796632996632997,1.0,0.9999999999999998,137,0,1,13,151,14,9.27,0.26569805320125706,1.4326726500140887e-07,0.9999996887537056,0.0805210880329566
456,12,RandomUnderSample,110,55,50.0,0.9470198675496688,0.6363636363636364,1.0,0.8738512949039265,0.9916579770594369,0.9412655014158771,129,8,0,14,151,14,9.27,0.32839232488198283,1.0063901075417576e-06,0.9999957928958978,0.14051751804591175
456,13,none,604,55,9.1,0.9933774834437086,0.9333333333333333,1.0,0.9809271188581534,0.9994786235662148,0.995238095238095,136,1,0,14,151,14,9.27,0.2913171627936444,2.7530060607473896e-08,0.9999991943392699,0.09654163970965905
456,13,class_weight,604,55,9.1,0.9933774834437086,0.9333333333333333,1.0,0.9809271188581534,1.0,0.9999999999999998,136,1,0,14,151,14,9.27,0.2864988226969469,1.0616113711111337e-07,0.9999996278461695,0.09453414418775515
456,13,SMOTE,1098,549,50.0,0.9801324503311258,0.8235294117647058,1.0,0.946077847875253,1.0,0.9999999999999998,134,3,0,14,151,14,9.27,0.3045277483580967,1.6545190587337063e-07,0.9999997589688937,0.1088412032966565
456,13,RandomOverSample,1098,549,50.0,0.9933774834437086,0.9333333333333333,1.0,0.9809271188581534,1.0,0.9999999999999998,136,1,0,14,151,14,9.27,0.2953795011272431,1.5066246341016783e-07,0.9999997215162305,0.09814692330492371
456,13,RandomUnderSample,110,55,50.0,0.9403973509933775,0.6086956521739131,1.0,0.8613972463029067,0.9916579770594369,0.9329465177679461,128,9,0,14,151,14,9.27,0.3534642390806235,2.9987048337000145e-06,0.9999973166848664,0.15485751123916064
456,14,none,604,55,9.1,0.9867549668874173,0.9285714285714286,0.9285714285714286,0.9606360792492179,0.9906152241918664,0.9598214285714284,136,1,1,13,151,14,9.27,0.28060728330760687,2.765139115989931e-08,0.9999996852400614,0.08919566834014443
456,14,class_weight,604,55,9.1,0.9867549668874173,0.9285714285714286,0.9285714285714286,0.9606360792492179,0.9890510948905109,0.9571428571428571,136,1,1,13,151,14,9.27,0.2867516877745098,1.4518763511467742e-07,0.9999998030746805,0.09168411986984001
456,14,SMOTE,1098,549,50.0,0.9735099337748344,0.8125,0.9285714285714286,0.9259803921568628,0.9911366006256518,0.9608294930875574,134,3,1,13,151,14,9.27,0.3038600003840745,1.675212720520619e-07,0.9999997727055726,0.1076642021296581
456,14,RandomOverSample,1098,549,50.0,0.9867549668874173,0.9285714285714286,0.9285714285714286,0.9606360792492179,0.9880083420229405,0.9555984555984556,136,1,1,13,151,14,9.27,0.2896920467095792,1.7194670085841296e-07,0.9999996110357902,0.09284392985117074
456,14,RandomUnderSample,110,55,50.0,0.9735099337748344,0.8125,0.9285714285714286,0.9259803921568628,0.9906152241918665,0.9324259074259071,134,3,1,13,151,14,9.27,0.3030838771139204,3.8708321282990584e-07,0.9999998506094573,0.11110711282910445
456,15,none,604,55,9.1,0.9867549668874173,1.0,0.8571428571428571,0.9579152731326644,0.9880083420229405,0.9555984555984556,137,0,2,12,151,14,9.27,0.27044794788213206,2.7269031718759162e-08,0.9999996330283979,0.0811236699957008
456,15,class_weight,604,55,9.1,0.9933774834437086,1.0,0.9285714285714286,0.9796632996632997,0.9848800834202295,0.9518272425249168,137,0,1,13,151,14,9.27,0.2757298269785164,1.1480570315419941e-07,0.9999998404284477,0.0862368718116088
456,15,SMOTE,1098,549,50.0,0.9867549668874173,0.9285714285714286,0.9285714285714286,0.9606360792492179,0.9958289885297185,0.9740259740259738,136,1,1,13,151,14,9.27,0.2874242458192111,1.7602821145255262e-07,0.9999997292540299,0.09412666093952797
456,15,RandomOverSample,1098,549,50.0,0.9801324503311258,0.9230769230769231,0.8571428571428571,0.938989898989899,0.9869655891553701,0.9497851772287862,136,1,2,12,151,14,9.27,0.27838348345561786,1.8217369288191881e-07,0.9999995979870846,0.08617312996938281
456,15,RandomUnderSample,110,55,50.0,0.9536423841059603,0.6842105263157895,0.9285714285714286,0.8809282415230371,0.9848800834202295,0.9518272425249168,131,6,1,13,151,14,9.27,0.3309049959794974,6.223436752137046e-07,0.9999996159622513,0.13479229634562773
456,16,none,604,56,9.3,0.9867549668874173,0.9230769230769231,0.9230769230769231,0.9579152731326644,0.9994425863991081,0.9945054945054943,137,1,1,12,151,13,8.61,0.2776669222014168,2.791332743608697e-08,0.9999995898320871,0.08683694412159536
456,16,class_weight,604,56,9.3,0.9933774834437086,0.9285714285714286,1.0,0.9796632996632997,0.9988851727982162,0.9885883347421807,137,1,0,13,151,13,8.61,0.2821762353014366,1.013275705384957e-07,0.9999997493719381,0.0899682990456823
456,16,SMOTE,1096,548,50.0,0.9867549668874173,0.8666666666666667,1.0,0.9606360792492179,1.0,0.9999999999999998,136,2,0,13,151,13,8.61,0.28900432130822534,1.6421865093489048e-07,0.9999998202631694,0.10020102338868483
456,16,RandomOverSample,1096,548,50.0,1.0,1.0,1.0,1.0,1.0,0.9999999999999998,138,0,0,13,151,13,8.61,0.27257604892565057,1.4584964459255228e-07,0.999999719407845,0.08448817035058648
456,16,RandomUnderSample,112,56,50.0,0.9801324503311258,0.8125,1.0,0.94278135657446,0.9988851727982162,0.9885883347421807,135,3,0,13,151,13,8.61,0.30030000577074656,7.199804736300338e-07,0.9999981440203259,0.10934287330422768
456,17,none,604,55,9.1,0.9801324503311258,0.8666666666666667,0.9285714285714286,0.94278135657446,0.986444212721585,0.9353785103785102,135,2,1,13,151,14,9.27,0.2885271013939348,2.9252063998860456e-08,0.9999996396314201,0.09634465618872193
456,17,class_weight,604,55,9.1,0.9801324503311258,0.8666666666666667,0.9285714285714286,0.94278135657446,0.9854014598540146,0.9339165220744168,135,2,1,13,151,14,9.27,0.28774298720919683,1.4898076049379853e-07,0.9999997751718109,0.09550825867117427
456,17,SMOTE,1098,549,50.0,0.9801324503311258,0.8666666666666667,0.9285714285714286,0.94278135657446,0.9906152241918665,0.9557274522712309,135,2,1,13,151,14,9.27,0.29701320654673247,2.1873028506937227e-07,0.9999997077062086,0.0987871543029505
456,17,RandomOverSample,1098,549,50.0,0.9735099337748344,0.8571428571428571,0.8571428571428571,0.9212721584984358,0.9921793534932222,0.9560846560846559,135,2,2,12,151,14,9.27,0.28133336806855036,3.0526641860149245e-07,0.9999997400653985,0.09010174068071027
456,17,RandomUnderSample,110,55,50.0,0.9072847682119205,0.5,0.9285714285714286,0.7982824427480917,0.9833159541188738,0.8767042481328193,124,13,1,13,151,14,9.27,0.3735203436470346,1.0387551243337267e-07,0.999999761591249,0.17020832061135682
456,18,none,604,55,9.1,1.0,1.0,1.0,1.0,1.0,0.9999999999999998,137,0,0,14,151,14,9.27,0.28494471411640376,2.76284931999481e-08,0.9999996451445317,0.09096436931856614
456,18,class_weight,604,55,9.1,0.9933774834437086,1.0,0.9285714285714286,0.9796632996632997,1.0,0.9999999999999998,137,0,1,13,151,14,9.27,0.28164712065022335,1.2342573037318933e-07,0.9999997314562861,0.08914026977051437
456,18,SMOTE,1098,549,50.0,0.9933774834437086,0.9333333333333333,1.0,0.9809271188581534,1.0,0.9999999999999998,136,1,0,14,151,14,9.27,0.29073067901627725,1.717905205460163e-07,0.9999996897409861,0.09663924662184317
456,18,RandomOverSample,1098,549,50.0,1.0,1.0,1.0,1.0,1.0,0.9999999999999998,137,0,0,14,151,14,9.27,0.28914197983921563,1.3884920689893675e-07,0.9999997003763578,0.09246757499436391
456,18,RandomUnderSample,110,55,50.0,0.9735099337748344,0.7777777777777778,1.0,0.9300925925925926,1.0,0.9999999999999998,133,4,0,14,151,14,9.27,0.3115122147234836,5.102164426254802e-06,0.9999967077977616,0.12462212949231515
456,19,none,604,55,9.1,1.0,1.0,1.0,1.0,1.0,0.9999999999999999,137,0,0,14,151,14,9.27,0.28886687394833593,2.7487444450090593e-08,0.9999996712266925,0.09309651818525105
456,19,class_weight,604,55,9.1,1.0,1.0,1.0,1.0,1.0,0.9999999999999999,137,0,0,14,151,14,9.27,0.28886850232517886,1.4359379538573148e-07,0.9999998111962086,0.0932562102782529
456,19,SMOTE,1098,549,50.0,1.0,1.0,1.0,1.0,1.0,0.9999999999999998,137,0,0,14,151,14,9.27,0.28953730411251427,1.6890321751971901e-07,0.9999997672824028,0.09277127381774339
456,19,RandomOverSample,1098,549,50.0,1.0,1.0,1.0,1.0,1.0,0.9999999999999998,137,0,0,14,151,14,9.27,0.2896845889985711,1.6309883531970148e-07,0.9999997031925248,0.09317117272066458
456,19,RandomUnderSample,110,55,50.0,0.9403973509933775,0.6086956521739131,1.0,0.8613972463029067,1.0,0.9999999999999998,128,9,0,14,151,14,9.27,0.3450022102480696,1.800801798705561e-07,0.9999997665526957,0.1503602169785778
456,20,none,604,55,9.1,0.9735099337748344,1.0,0.7142857142857143,0.9094724220623501,0.9791449426485923,0.8981601731601729,137,0,4,10,151,14,9.27,0.24983451445456736,2.9036740244323024e-08,0.9999996019381424,0.07130247403417757
456,20,class_weight,604,55,9.1,0.9735099337748344,1.0,0.7142857142857143,0.9094724220623501,0.9801876955161626,0.9001744663382594,137,0,4,10,151,14,9.27,0.25049294023109625,1.3403866632650828e-07,0.9999997665486812,0.07208919601758983
456,20,SMOTE,1098,549,50.0,0.9470198675496688,0.7142857142857143,0.7142857142857143,0.8425443169968718,0.9833159541188738,0.8898346707103892,133,4,4,10,151,14,9.27,0.2773262394183579,1.7676011659404183e-07,0.9999998020122499,0.0912405381470656
456,20,RandomOverSample,1098,549,50.0,0.9668874172185431,0.8461538461538461,0.7857142857142857,0.8983164983164983,0.9822732012513034,0.901804743636585,135,2,3,11,151,14,9.27,0.2625161758242899,1.8655286917230857e-07,0.9999995882495604,0.07972498102646726
456,20,RandomUnderSample,110,55,50.0,0.9205298013245033,0.5454545454545454,0.8571428571428571,0.8107769423558897,0.9708029197080292,0.8159422205474836,127,10,2,12,151,14,9.27,0.34027823978393407,2.691754024490084e-07,0.9999998166032039,0.14120473628388536
456,21,none,604,56,9.3,0.9801324503311258,0.9166666666666666,0.8461538461538461,0.9345848375451263,0.9972129319955407,0.975983292725374,137,1,2,11,151,13,8.61,0.268709635325851,2.939976811578919e-08,0.9999994069462208,0.08090929942834527
456,21,class_weight,604,56,9.3,0.9867549668874173,0.9230769230769231,0.9230769230769231,0.9579152731326644,0.9977703455964326,0.9774161735700195,137,1,1,12,151,13,8.61,0.27367803625072146,1.4295897714663093e-07,0.9999997825662461,0.08551412603218568
456,21,SMOTE,1096,548,50.0,0.9735099337748344,0.8461538461538461,0.8461538461538461,0.9158305462653289,0.9949832775919732,0.9498158704041053,136,2,2,11,151,13,8.61,0.2762870698891557,1.6211432273838998e-07,0.9999996640302428,0.08625718122939349
456,21,RandomOverSample,1096,548,50.0,0.9933774834437086,0.9285714285714286,1.0,0.9796632996632997,0.9983277591973244,0.9821780783319243,137,1,0,13,151,13,8.61,0.2833787631646568,1.8841879056952446e-07,0.9999996674130682,0.09241132417532515
456,21,RandomUnderSample,112,56,50.0,0.9470198675496688,0.631578947368421,0.9230769230769231,0.8601851851851852,0.9927536231884058,0.9571597633136093,131,7,1,12,151,13,8.61,0.3154563374649595,1.3378561410522735e-06,0.9999878543249546,0.13400718266342843
456,22,none,604,55,9.1,0.9801324503311258,0.9230769230769231,0.8571428571428571,0.938989898989899,0.9911366006256518,0.950892857142857,136,1,2,12,151,14,9.27,0.27203420599202216,2.7652767501967284e-08,0.9999997879885724,0.08319634796893671
456,22,class_weight,604,55,9.1,0.9801324503311258,0.9230769230769231,0.8571428571428571,0.938989898989899,0.9859228362877999,0.9414943609022555,136,1,2,12,151,14,9.27,0.2794409245633515,1.2903654657599867e-07,0.9999998094142314,0.08752527667750834
456,22,SMOTE,1098,549,50.0,0.9735099337748344,0.8571428571428571,0.8571428571428571,0.9212721584984358,0.9932221063607924,0.9531623268036311,135,2,2,12,151,14,9.27,0.2885616467972319,1.549539472257423e-07,0.9999997620698056,0.0928127491658552
456,22,RandomOverSample,1098,549,50.0,0.9735099337748344,0.8571428571428571,0.8571428571428571,0.9212721584984358,0.9942648592283629,0.9587301587301587,135,2,2,12,151,14,9.27,0.2865841643793844,1.750419394009092e-07,0.9999996471505462,0.09185330531381784
456,22,RandomUnderSample,110,55,50.0,0.9470198675496688,0.6363636363636364,1.0,0.8738512949039265,0.9911366006256518,0.9186808056555955,129,8,0,14,151,14,9.27,0.33457270299051195,2.1923630221998783e-07,0.9999995659561495,0.14247394822512496
456,23,none,604,55,9.1,0.9933774834437086,1.0,0.9285714285714286,0.9796632996632997,0.9994786235662149,0.995238095238095,137,0,1,13,151,14,9.27,0.2797876095702867,2.7480922080255122e-08,0.9999996043291712,0.08618247808087341
456,23,class_weight,604,55,9.1,0.9933774834437086,1.0,0.9285714285714286,0.9796632996632997,0.9989572471324296,0.9910714285714284,137,0,1,13,151,14,9.27,0.2793328389839499,1.4526618189324788e-07,0.9999997782092628,0.08691266490821757
456,23,SMOTE,1098,549,50.0,0.9933774834437086,1.0,0.9285714285714286,0.9796632996632997,0.9958289885297185,0.974025974025974,137,0,1,13,151,14,9.27,0.28035314170425746,1.602398198618459e-07,0.9999997654271773,0.08688577272209246
456,23,RandomOverSample,1098,549,50.0,0.9867549668874173,0.9285714285714286,0.9285714285714286,0.9606360792492179,0.9994786235662149,0.995238095238095,136,1,1,13,151,14,9.27,0.2834711785749047,1.7588658769586105e-07,0.9999996633068734,0.0918744235896437
456,23,RandomUnderSample,110,55,50.0,0.9867549668874173,0.875,1.0,0.9629901960784314,0.9989572471324296,0.9910714285714284,135,2,0,14,151,14,9.27,0.29630122738262193,3.170807260591236e-07,0.9999995258537685,0.10440820518809463
456,24,none,604,55,9.1,0.9867549668874173,1.0,0.8571428571428571,0.9579152731326644,0.9932221063607924,0.954184704184704,137,0,2,12,151,14,9.27,0.2704387819716616,3.84107824973996e-08,0.9999996614459146,0.07957445089880048
456,24,class_weight,604,55,9.1,0.9867549668874173,1.0,0.8571428571428571,0.9579152731326644,0.9916579770594369,0.9487301587301586,137,0,2,12,151,14,9.27,0.2703653502423653,1.4227209444399534e-07,0.999999760070048,0.0801084355369207
456,24,SMOTE,1098,549,50.0,0.9867549668874173,1.0,0.8571428571428571,0.9579152731326644,0.983837330552659,0.9236394557823129,137,0,2,12,151,14,9.27,0.27056394866812183,1.981863813720042e-07,0.9999997333805448,0.08090189412850413
456,24,RandomOverSample,1098,549,50.0,0.9867549668874173,1.0,0.8571428571428571,0.9579152731326644,0.9906152241918664,0.9428289102202143,137,0,2,12,151,14,9.27,0.2704672441789239,3.012161808441741e-07,0.9999995908561752,0.07948090121699045
456,24,RandomUnderSample,110,55,50.0,0.9801324503311258,0.8666666666666667,0.9285714285714286,0.94278135657446,0.9848800834202295,0.9472789115646256,135,2,1,13,151,14,9.27,0.28806590657216113,4.4481430513413087e-07,0.9999914417429644,0.1103510256930237
456,25,none,604,55,9.1,0.9933774834437086,0.9333333333333333,1.0,0.9809271188581534,1.0,0.9999999999999998,136,1,0,14,151,14,9.27,0.2940880418551746,2.8805363190510242e-08,0.9999993833814914,0.09826017618061925
456,25,class_weight,604,55,9.1,0.9933774834437086,0.9333333333333333,1.0,0.9809271188581534,1.0,0.9999999999999999,136,1,0,14,151,14,9.27,0.2959754434592648,1.2154652923729806e-07,0.9999996802878987,0.10058379780158198
456,25,SMOTE,1098,549,50.0,0.9867549668874173,0.875,1.0,0.9629901960784314,1.0,0.9999999999999998,135,2,0,14,151,14,9.27,0.2957734781582664,1.7297919768730437e-07,0.9999997842787941,0.1013815999312454
456,25,RandomOverSample,1098,549,50.0,0.9933774834437086,0.9333333333333333,1.0,0.9809271188581534,1.0,0.9999999999999998,136,1,0,14,151,14,9.27,0.29897734925801933,1.5373453081371126e-07,0.9999996819550999,0.10174518794667507
456,25,RandomUnderSample,110,55,50.0,0.9602649006622517,0.7,1.0,0.9005706760316067,1.0,0.9999999999999998,131,6,0,14,151,14,9.27,0.32347196141398354,3.1731344727640223e-06,0.9999921825485399,0.13549598288466752
