model,trial,search_algorithm,scoring_metric,cv_folds,seed,mean_score,sd_score,seconds,params_json
LightGBM,1,RandomizedSearch (ParameterSampler),auc_pr,5,42,0.9861545002616431,0.018505068187436382,0.6971977199998491,"{""colsample_bytree"": 0.749816047538945, ""learning_rate"": 0.24517932047070642, ""max_depth"": 13, ""min_child_samples"": 12, ""n_estimators"": 288, ""num_leaves"": 28, ""subsample"": 0.6624074561769746}"
LightGBM,2,RandomizedSearch (ParameterSampler),auc_pr,5,42,0.972545708284736,0.023210679901470417,0.46396236100008537,"{""colsample_bytree"": 0.662397808134481, ""learning_rate"": 0.006342368214226896, ""max_depth"": 6, ""min_child_samples"": 28, ""n_estimators"": 230, ""num_leaves"": 29, ""subsample"": 0.6225646316108401}"
LightGBM,3,RandomizedSearch (ParameterSampler),auc_pr,5,42,0.9823358728106626,0.022450131591796842,0.3436716050000541,"{""colsample_bytree"": 0.8887995089067299, ""learning_rate"": 0.23326988616219035, ""max_depth"": 4, ""min_child_samples"": 25, ""n_estimators"": 260, ""num_leaves"": 83, ""subsample"": 0.8446612641953124}"
LightGBM,4,RandomizedSearch (ParameterSampler),auc_pr,5,42,0.974655885689031,0.02112346433141745,0.7495038519998616,"{""colsample_bytree"": 0.6028265220878869, ""learning_rate"": 0.005495136492761185, ""max_depth"": 12, ""min_child_samples"": 32, ""n_estimators"": 287, ""num_leaves"": 87, ""subsample"": 0.6931085361721216}"
LightGBM,5,RandomizedSearch (ParameterSampler),auc_pr,5,42,0.9834549204297103,0.023294963062010114,1.4182914470000014,"{""colsample_bytree"": 0.6362425738131283, ""learning_rate"": 0.0628859838813868, ""max_depth"": 14, ""min_child_samples"": 7, ""n_estimators"": 584, ""num_leaves"": 58, ""subsample"": 0.8721230154351118}"
LightGBM,6,RandomizedSearch (ParameterSampler),auc_pr,5,42,0.976154500261643,0.020898703423186005,3.966880584000137,"{""colsample_bytree"": 0.7801997007878172, ""learning_rate"": 0.005279066242287437, ""max_depth"": 16, ""min_child_samples"": 13, ""n_estimators"": 445, ""num_leaves"": 60, ""subsample"": 0.6923575302488596}"
LightGBM,7,RandomizedSearch (ParameterSampler),auc_pr,5,42,0.9865711669283097,0.020345441300897053,5.907521653999993,"{""colsample_bytree"": 0.6964101864104046, ""learning_rate"": 0.0820192671822916, ""max_depth"": 14, ""min_child_samples"": 12, ""n_estimators"": 530, ""num_leaves"": 42, ""subsample"": 0.9637281608315128}"
LightGBM,8,RandomizedSearch (ParameterSampler),auc_pr,5,42,0.9840002438222252,0.018928060194546382,0.5880006910001612,"{""colsample_bytree"": 0.7035119926400067, ""learning_rate"": 0.07534159891754702, ""max_depth"": 4, ""min_child_samples"": 10, ""n_estimators"": 153, ""num_leaves"": 113, ""subsample"": 0.8270801311279966}"
LightGBM,9,RandomizedSearch (ParameterSampler),auc_pr,5,42,0.9812568464842932,0.026718462037148845,0.8600118319998273,"{""colsample_bytree"": 0.6125253169822235, ""learning_rate"": 0.15728225584244165, ""max_depth"": 14, ""min_child_samples"": 38, ""n_estimators"": 301, ""num_leaves"": 69, ""subsample"": 0.9706635463175177}"
LightGBM,10,RandomizedSearch (ParameterSampler),auc_pr,5,42,0.9798981673537265,0.022298271367304494,1.9152938459999405,"{""colsample_bytree"": 0.8909087983425683, ""learning_rate"": 0.01903745460164803, ""max_depth"": 16, ""min_child_samples"": 27, ""n_estimators"": 351, ""num_leaves"": 69, ""subsample"": 0.7301321323053057}"
LightGBM,11,RandomizedSearch (ParameterSampler),auc_pr,5,42,0.9725841622628184,0.02119594270906061,0.7740333700000974,"{""colsample_bytree"": 0.7554709158757928, ""learning_rate"": 0.015186917176306207, ""max_depth"": 15, ""min_child_samples"": 33, ""n_estimators"": 114, ""num_leaves"": 52, ""subsample"": 0.6298202574719083}"
LightGBM,12,RandomizedSearch (ParameterSampler),auc_pr,5,42,0.9788334848109284,0.02730089544973376,1.2264777640000375,"{""colsample_bytree"": 0.9947547746402069, ""learning_rate"": 0.11806957676577463, ""max_depth"": 14, ""min_child_samples"": 12, ""n_estimators"": 571, ""num_leaves"": 70, ""subsample"": 0.9261845713819337}"
LightGBM,13,RandomizedSearch (ParameterSampler),auc_pr,5,42,0.9806347022523493,0.018946636258977658,0.8820478959999036,"{""colsample_bytree"": 0.8827429375390468, ""learning_rate"": 0.0989133729846414, ""max_depth"": 3, ""min_child_samples"": 9, ""n_estimators"": 589, ""num_leaves"": 110, ""subsample"": 0.8604308102007778}"
LightGBM,14,RandomizedSearch (ParameterSampler),auc_pr,5,42,0.9786079816542002,0.0215985926362166,0.5305144309998013,"{""colsample_bytree"": 0.9659838702175123, ""learning_rate"": 0.16235555937121401, ""max_depth"": 14, ""min_child_samples"": 38, ""n_estimators"": 132, ""num_leaves"": 55, ""subsample"": 0.7483273008793065}"
LightGBM,15,RandomizedSearch (ParameterSampler),auc_pr,5,42,0.9825672221551341,0.026107222085719868,1.3929358640000373,"{""colsample_bytree"": 0.8675365010654429, ""learning_rate"": 0.0763977688424414, ""max_depth"": 14, ""min_child_samples"": 26, ""n_estimators"": 574, ""num_leaves"": 42, ""subsample"": 0.7888859700647797}"
LightGBM,16,RandomizedSearch (ParameterSampler),auc_pr,5,42,0.983414085914086,0.018013155989794635,0.6139960369998789,"{""colsample_bytree"": 0.6478376983753207, ""learning_rate"": 0.09273146363606355, ""max_depth"": 3, ""min_child_samples"": 9, ""n_estimators"": 317, ""num_leaves"": 126, ""subsample"": 0.9083868719818244}"
LightGBM,17,RandomizedSearch (ParameterSampler),auc_pr,5,42,0.9848632594511717,0.016798640667728446,0.8857498099998793,"{""colsample_bytree"": 0.7975182385457563, ""learning_rate"": 0.042507742249221325, ""max_depth"": 17, ""min_child_samples"": 30, ""n_estimators"": 141, ""num_leaves"": 84, ""subsample"": 0.6806876809341584}"
LightGBM,18,RandomizedSearch (ParameterSampler),auc_pr,5,42,0.9788097207912498,0.023878355065136865,2.678031004000104,"{""colsample_bytree"": 0.9583054382694077, ""learning_rate"": 0.03501467995226868, ""max_depth"": 6, ""min_child_samples"": 34, ""n_estimators"": 584, ""num_leaves"": 30, ""subsample"": 0.8417669517111269}"
LightGBM,19,RandomizedSearch (ParameterSampler),auc_pr,5,42,0.9789749184688455,0.023590462609726835,3.7619772679997823,"{""colsample_bytree"": 0.8159364365206693, ""learning_rate"": 0.011482688274438045, ""max_depth"": 15, ""min_child_samples"": 36, ""n_estimators"": 426, ""num_leaves"": 66, ""subsample"": 0.8779139732158818}"
LightGBM,20,RandomizedSearch (ParameterSampler),auc_pr,5,42,0.981703722909282,0.021728003423356283,0.5398878809999132,"{""colsample_bytree"": 0.9521871356061031, ""learning_rate"": 0.06444154374334218, ""max_depth"": 8, ""min_child_samples"": 32, ""n_estimators"": 127, ""num_leaves"": 115, ""subsample"": 0.6746280235544143}"
LightGBM,21,RandomizedSearch (ParameterSampler),auc_pr,5,42,0.97873128755833,0.02657312337897226,0.6950851560000046,"{""colsample_bytree"": 0.9570235993959911, ""learning_rate"": 0.04549902457423108, ""max_depth"": 9, ""min_child_samples"": 37, ""n_estimators"": 484, ""num_leaves"": 34, ""subsample"": 0.7708431154505025}"
LightGBM,22,RandomizedSearch (ParameterSampler),auc_pr,5,42,0.978435351198509,0.02697455933514404,0.4457451050000145,"{""colsample_bytree"": 0.9272059063689972, ""learning_rate"": 0.16962082343830312, ""max_depth"": 9, ""min_child_samples"": 10, ""n_estimators"": 555, ""num_leaves"": 34, ""subsample"": 0.7669644012595116}"
LightGBM,23,RandomizedSearch (ParameterSampler),auc_pr,5,42,0.9867507417168049,0.012650761726377295,1.2261897379999027,"{""colsample_bytree"": 0.6888431241882921, ""learning_rate"": 0.00816786887617195, ""max_depth"": 14, ""min_child_samples"": 28, ""n_estimators"": 562, ""num_leaves"": 66, ""subsample"": 0.7292811728083021}"
LightGBM,24,RandomizedSearch (ParameterSampler),auc_pr,5,42,0.9853296703296703,0.01631684020603649,0.3820193130000007,"{""colsample_bytree"": 0.8075162486973464, ""learning_rate"": 0.08892913031456844, ""max_depth"": 19, ""min_child_samples"": 16, ""n_estimators"": 394, ""num_leaves"": 9, ""subsample"": 0.8849082359697769}"
LightGBM,25,RandomizedSearch (ParameterSampler),auc_pr,5,42,0.9824471684917258,0.02765486515946186,0.3052857889999814,"{""colsample_bytree"": 0.6592347719813599, ""learning_rate"": 0.2972374284730921, ""max_depth"": 19, ""min_child_samples"": 6, ""n_estimators"": 229, ""num_leaves"": 99, ""subsample"": 0.6205915004999957}"
LightGBM,26,RandomizedSearch (ParameterSampler),auc_pr,5,42,0.9804147043432758,0.021754794106543324,0.24666721300013705,"{""colsample_bytree"": 0.7114585856946446, ""learning_rate"": 0.20606494862670807, ""max_depth"": 4, ""min_child_samples"": 30, ""n_estimators"": 259, ""num_leaves"": 77, ""subsample"": 0.6968221086046001}"
LightGBM,27,RandomizedSearch (ParameterSampler),auc_pr,5,42,0.9845264227088049,0.02000347678401398,0.5161621429999741,"{""colsample_bytree"": 0.8688542189623514, ""learning_rate"": 0.11304331263607346, ""max_depth"": 19, ""min_child_samples"": 28, ""n_estimators"": 424, ""num_leaves"": 123, ""subsample"": 0.9933692563579372}"
LightGBM,28,RandomizedSearch (ParameterSampler),auc_pr,5,42,0.9836166214737642,0.021516539746441982,0.3612618880001719,"{""colsample_bytree"": 0.7595297769778212, ""learning_rate"": 0.1414846616500177, ""max_depth"": 18, ""min_child_samples"": 37, ""n_estimators"": 300, ""num_leaves"": 66, ""subsample"": 0.6746074041599417}"
LightGBM,29,RandomizedSearch (ParameterSampler),auc_pr,5,42,0.9891656491656491,0.016370763563943326,0.4966694339998412,"{""colsample_bytree"": 0.6163100566219055, ""learning_rate"": 0.05619103481064744, ""max_depth"": 6, ""min_child_samples"": 23, ""n_estimators"": 445, ""num_leaves"": 74, ""subsample"": 0.9238004184558861}"
LightGBM,30,RandomizedSearch (ParameterSampler),auc_pr,5,42,0.979700921788834,0.01896434161094439,0.8683217289999448,"{""colsample_bytree"": 0.7394663949166917, ""learning_rate"": 0.00741287127981336, ""max_depth"": 11, ""min_child_samples"": 37, ""n_estimators"": 523, ""num_leaves"": 46, ""subsample"": 0.9746919954946938}"
LightGBM,31,RandomizedSearch (ParameterSampler),auc_pr,5,42,0.9824390170269289,0.022028873079270296,0.6649530879999475,"{""colsample_bytree"": 0.6550083776583973, ""learning_rate"": 0.0202040094475513, ""max_depth"": 12, ""min_child_samples"": 39, ""n_estimators"": 362, ""num_leaves"": 23, ""subsample"": 0.9268888800804863}"
LightGBM,32,RandomizedSearch (ParameterSampler),auc_pr,5,42,0.9810906828214521,0.02140459990668431,0.47685578099981285,"{""colsample_bytree"": 0.822080324639785, ""learning_rate"": 0.043728929169443764, ""max_depth"": 4, ""min_child_samples"": 5, ""n_estimators"": 403, ""num_leaves"": 19, ""subsample"": 0.8233173814428391}"
LightGBM,33,RandomizedSearch (ParameterSampler),auc_pr,5,42,0.9726629557291286,0.022063310710888066,0.473800909999909,"{""colsample_bytree"": 0.9530545372757359, ""learning_rate"": 0.010827290394812849, ""max_depth"": 11, ""min_child_samples"": 39, ""n_estimators"": 246, ""num_leaves"": 55, ""subsample"": 0.9386644568953224}"
LightGBM,34,RandomizedSearch (ParameterSampler),auc_pr,5,42,0.9843104934281403,0.014980084316377526,0.2486855550000655,"{""colsample_bytree"": 0.942529716751237, ""learning_rate"": 0.02619670299836454, ""max_depth"": 3, ""min_child_samples"": 28, ""n_estimators"": 215, ""num_leaves"": 82, ""subsample"": 0.9742539976883791}"
LightGBM,35,RandomizedSearch (ParameterSampler),auc_pr,5,42,0.9800948435851946,0.02576210933268006,0.3068520209999406,"{""colsample_bytree"": 0.9141362604455774, ""learning_rate"": 0.07736282246677932, ""max_depth"": 5, ""min_child_samples"": 29, ""n_estimators"": 198, ""num_leaves"": 32, ""subsample"": 0.6020246335384875}"
LightGBM,36,RandomizedSearch (ParameterSampler),auc_pr,5,42,0.9859677186524477,0.016702613741618907,0.5361901290000333,"{""colsample_bytree"": 0.6643232205669994, ""learning_rate"": 0.047282635741360345, ""max_depth"": 5, ""min_child_samples"": 20, ""n_estimators"": 544, ""num_leaves"": 48, ""subsample"": 0.6703701010709381}"
LightGBM,37,RandomizedSearch (ParameterSampler),auc_pr,5,42,0.9873084941172499,0.018483834393726382,0.6827986030000375,"{""colsample_bytree"": 0.6072301454462083, ""learning_rate"": 0.0377735438528982, ""max_depth"": 18, ""min_child_samples"": 24, ""n_estimators"": 483, ""num_leaves"": 15, ""subsample"": 0.9396893641976711}"
LightGBM,38,RandomizedSearch (ParameterSampler),auc_pr,5,42,0.984435354023266,0.021985819631072014,0.7406332890000158,"{""colsample_bytree"": 0.8630451569201374, ""learning_rate"": 0.05122814828482952, ""max_depth"": 14, ""min_child_samples"": 26, ""n_estimators"": 474, ""num_leaves"": 29, ""subsample"": 0.6975958573516334}"
LightGBM,39,RandomizedSearch (ParameterSampler),auc_pr,5,42,0.9820025090904212,0.015029046872049832,0.4329235120001158,"{""colsample_bytree"": 0.9892042219009782, ""learning_rate"": 0.025000990494049316, ""max_depth"": 10, ""min_child_samples"": 31, ""n_estimators"": 126, ""num_leaves"": 105, ""subsample"": 0.7400313630778703}"
LightGBM,40,RandomizedSearch (ParameterSampler),auc_pr,5,42,0.9801073456274316,0.020015419970666887,0.5743637369998851,"{""colsample_bytree"": 0.8580413448122259, ""learning_rate"": 0.07734249135302718, ""max_depth"": 3, ""min_child_samples"": 9, ""n_estimators"": 416, ""num_leaves"": 55, ""subsample"": 0.7123089449763423}"
RandomForest,1,RandomizedSearch (ParameterSampler),auc_pr,5,42,0.9888858363858365,0.013189252490550637,4.336829651000016,"{""max_depth"": 9, ""max_features"": ""sqrt"", ""min_samples_leaf"": 3, ""min_samples_split"": 9, ""n_estimators"": 288}"
RandomForest,2,RandomizedSearch (ParameterSampler),auc_pr,5,42,0.9712689117009397,0.023390228331941928,4.241496318999907,"{""max_depth"": 23, ""max_features"": null, ""min_samples_leaf"": 2, ""min_samples_split"": 4, ""n_estimators"": 314}"
RandomForest,3,RandomizedSearch (ParameterSampler),auc_pr,5,42,0.9678190318467432,0.03413779071031721,6.23320909500012,"{""max_depth"": 13, ""max_features"": null, ""min_samples_leaf"": 5, ""min_samples_split"": 5, ""n_estimators"": 459}"
RandomForest,4,RandomizedSearch (ParameterSampler),auc_pr,5,42,0.9674237749297472,0.03499474153327022,7.250926939999999,"{""max_depth"": 26, ""max_features"": null, ""min_samples_leaf"": 5, ""min_samples_split"": 3, ""n_estimators"": 443}"
RandomForest,5,RandomizedSearch (ParameterSampler),auc_pr,5,42,0.9918862929787299,0.009146706120239517,2.5634432309998374,"{""max_depth"": 14, ""max_features"": ""log2"", ""min_samples_leaf"": 2, ""min_samples_split"": 6, ""n_estimators"": 260}"
RandomForest,6,RandomizedSearch (ParameterSampler),auc_pr,5,42,0.9845791136967608,0.009526758228319021,1.4886263109999618,"{""max_depth"": 14, ""max_features"": ""log2"", ""min_samples_leaf"": 5, ""min_samples_split"": 10, ""n_estimators"": 148}"
RandomForest,7,RandomizedSearch (ParameterSampler),auc_pr,5,42,0.9718537070225771,0.023734705415464432,7.697165033999909,"{""max_depth"": 29, ""max_features"": null, ""min_samples_leaf"": 2, ""min_samples_split"": 4, ""n_estimators"": 463}"
RandomForest,8,RandomizedSearch (ParameterSampler),auc_pr,5,42,0.9919679923251351,0.009328560333274024,3.897759941000004,"{""max_depth"": 25, ""max_features"": ""sqrt"", ""min_samples_leaf"": 3, ""min_samples_split"": 6, ""n_estimators"": 406}"
RandomForest,9,RandomizedSearch (ParameterSampler),auc_pr,5,42,0.9910836385836387,0.010933802181668017,3.6228818309998587,"{""max_depth"": 9, ""max_features"": ""sqrt"", ""min_samples_leaf"": 1, ""min_samples_split"": 8, ""n_estimators"": 373}"
RandomForest,10,RandomizedSearch (ParameterSampler),auc_pr,5,42,0.9910836385836385,0.010933802181667859,4.096019076999937,"{""max_depth"": 6, ""max_features"": ""sqrt"", ""min_samples_leaf"": 4, ""min_samples_split"": 3, ""n_estimators"": 364}"
RandomForest,11,RandomizedSearch (ParameterSampler),auc_pr,5,42,0.9933568812140241,0.0071920760013050875,3.0443321699999615,"{""max_depth"": 28, ""max_features"": ""sqrt"", ""min_samples_leaf"": 2, ""min_samples_split"": 5, ""n_estimators"": 191}"
RandomForest,12,RandomizedSearch (ParameterSampler),auc_pr,5,42,0.9691646204833019,0.029083696218298705,1.8671733619999031,"{""max_depth"": 17, ""max_features"": null, ""min_samples_leaf"": 4, ""min_samples_split"": 9, ""n_estimators"": 134}"
RandomForest,13,RandomizedSearch (ParameterSampler),auc_pr,5,42,0.9899002066309759,0.011951679538581098,4.436229990999891,"{""max_depth"": 16, ""max_features"": ""sqrt"", ""min_samples_leaf"": 4, ""min_samples_split"": 3, ""n_estimators"": 459}"
RandomForest,14,RandomizedSearch (ParameterSampler),auc_pr,5,42,0.9919679923251353,0.009328560333274,4.090586996999946,"{""max_depth"": 6, ""max_features"": ""log2"", ""min_samples_leaf"": 2, ""min_samples_split"": 5, ""n_estimators"": 409}"
RandomForest,15,RandomizedSearch (ParameterSampler),auc_pr,5,42,0.9901312576312573,0.010141683568146802,4.5334557510000195,"{""max_depth"": 20, ""max_features"": ""log2"", ""min_samples_leaf"": 4, ""min_samples_split"": 3, ""n_estimators"": 301}"
RandomForest,16,RandomizedSearch (ParameterSampler),auc_pr,5,42,0.9888858363858365,0.013189252490550552,2.9000567840000713,"{""max_depth"": 6, ""max_features"": ""log2"", ""min_samples_leaf"": 4, ""min_samples_split"": 10, ""n_estimators"": 289}"
RandomForest,17,RandomizedSearch (ParameterSampler),auc_pr,5,42,0.9871001221001219,0.011844131752119775,4.68064483399985,"{""max_depth"": 10, ""max_features"": ""sqrt"", ""min_samples_leaf"": 5, ""min_samples_split"": 3, ""n_estimators"": 466}"
RandomForest,18,RandomizedSearch (ParameterSampler),auc_pr,5,42,0.9892298970870399,0.010838662098637418,2.474512614000105,"{""max_depth"": 23, ""max_features"": ""log2"", ""min_samples_leaf"": 1, ""min_samples_split"": 10, ""n_estimators"": 256}"
RandomForest,19,RandomizedSearch (ParameterSampler),auc_pr,5,42,0.9899002066309757,0.011951679538581039,6.553134973999931,"{""max_depth"": 17, ""max_features"": ""sqrt"", ""min_samples_leaf"": 1, ""min_samples_split"": 10, ""n_estimators"": 426}"
RandomForest,20,RandomizedSearch (ParameterSampler),auc_pr,5,42,0.9873172089348558,0.012702303831623454,1.638559177000161,"{""max_depth"": 11, ""max_features"": ""sqrt"", ""min_samples_leaf"": 4, ""min_samples_split"": 9, ""n_estimators"": 162}"
RandomForest,21,RandomizedSearch (ParameterSampler),auc_pr,5,42,0.9643375892063879,0.03049977730176143,3.5223173159999988,"{""max_depth"": 13, ""max_features"": null, ""min_samples_leaf"": 1, ""min_samples_split"": 9, ""n_estimators"": 262}"
RandomForest,22,RandomizedSearch (ParameterSampler),auc_pr,5,42,0.9919679923251351,0.00932856033327401,5.195681726000203,"{""max_depth"": 5, ""max_features"": ""sqrt"", ""min_samples_leaf"": 3, ""min_samples_split"": 6, ""n_estimators"": 330}"
RandomForest,23,RandomizedSearch (ParameterSampler),auc_pr,5,42,0.9901312576312573,0.010141683568146802,4.1202190589999645,"{""max_depth"": 28, ""max_features"": ""sqrt"", ""min_samples_leaf"": 4, ""min_samples_split"": 8, ""n_estimators"": 300}"
RandomForest,24,RandomizedSearch (ParameterSampler),auc_pr,5,42,0.9890668732976426,0.011627306857150096,1.667282749999913,"{""max_depth"": 10, ""max_features"": ""log2"", ""min_samples_leaf"": 1, ""min_samples_split"": 8, ""n_estimators"": 161}"
RandomForest,25,RandomizedSearch (ParameterSampler),auc_pr,5,42,0.9888858363858365,0.013189252490550599,3.047716957000148,"{""max_depth"": 26, ""max_features"": ""sqrt"", ""min_samples_leaf"": 3, ""min_samples_split"": 9, ""n_estimators"": 313}"
RandomForest,26,RandomizedSearch (ParameterSampler),auc_pr,5,42,0.9682064478490021,0.030395246657314322,2.8057982160000847,"{""max_depth"": 29, ""max_features"": null, ""min_samples_leaf"": 1, ""min_samples_split"": 4, ""n_estimators"": 200}"
RandomForest,27,RandomizedSearch (ParameterSampler),auc_pr,5,42,0.9904237848985747,0.011439747081216027,1.0546464520000427,"{""max_depth"": 17, ""max_features"": ""log2"", ""min_samples_leaf"": 3, ""min_samples_split"": 2, ""n_estimators"": 104}"
RandomForest,28,RandomizedSearch (ParameterSampler),auc_pr,5,42,0.9671982861640263,0.027638850642782625,5.777880932000016,"{""max_depth"": 28, ""max_features"": null, ""min_samples_leaf"": 3, ""min_samples_split"": 10, ""n_estimators"": 306}"
RandomForest,29,RandomizedSearch (ParameterSampler),auc_pr,5,42,0.9933568812140241,0.007192076001305085,1.6629273359999388,"{""max_depth"": 17, ""max_features"": ""log2"", ""min_samples_leaf"": 2, ""min_samples_split"": 4, ""n_estimators"": 162}"
RandomForest,30,RandomizedSearch (ParameterSampler),auc_pr,5,42,0.9901312576312578,0.010141683568146771,3.106440702999862,"{""max_depth"": 9, ""max_features"": ""sqrt"", ""min_samples_leaf"": 4, ""min_samples_split"": 5, ""n_estimators"": 321}"
RandomForest,31,RandomizedSearch (ParameterSampler),auc_pr,5,42,0.9658184839387847,0.0346970060512481,1.5137213350001275,"{""max_depth"": 7, ""max_features"": null, ""min_samples_leaf"": 5, ""min_samples_split"": 5, ""n_estimators"": 112}"
RandomForest,32,RandomizedSearch (ParameterSampler),auc_pr,5,42,0.96979993288332,0.027341806511080678,5.843321008000203,"{""max_depth"": 9, ""max_features"": null, ""min_samples_leaf"": 3, ""min_samples_split"": 7, ""n_estimators"": 383}"
RandomForest,33,RandomizedSearch (ParameterSampler),auc_pr,5,42,0.984858189824253,0.00917484469244802,3.1939325840000947,"{""max_depth"": 4, ""max_features"": ""log2"", ""min_samples_leaf"": 5, ""min_samples_split"": 10, ""n_estimators"": 233}"
RandomForest,34,RandomizedSearch (ParameterSampler),auc_pr,5,42,0.9888858363858363,0.013189252490550526,4.260363305000055,"{""max_depth"": 14, ""max_features"": ""log2"", ""min_samples_leaf"": 3, ""min_samples_split"": 11, ""n_estimators"": 447}"
RandomForest,35,RandomizedSearch (ParameterSampler),auc_pr,5,42,0.969793595352491,0.02887036167738419,6.973099471000069,"{""max_depth"": 27, ""max_features"": null, ""min_samples_leaf"": 1, ""min_samples_split"": 2, ""n_estimators"": 476}"
RandomForest,36,RandomizedSearch (ParameterSampler),auc_pr,5,42,0.9926215870963769,0.008246768798567965,4.439656441999887,"{""max_depth"": 29, ""max_features"": ""log2"", ""min_samples_leaf"": 1, ""min_samples_split"": 5, ""n_estimators"": 332}"
RandomForest,37,RandomizedSearch (ParameterSampler),auc_pr,5,42,0.9679229238451856,0.027756035873613853,5.452501599000016,"{""max_depth"": 5, ""max_features"": null, ""min_samples_leaf"": 3, ""min_samples_split"": 10, ""n_estimators"": 417}"
RandomForest,38,RandomizedSearch (ParameterSampler),auc_pr,5,42,0.9880525030525028,0.012813849182538552,2.656739560999995,"{""max_depth"": 7, ""max_features"": ""sqrt"", ""min_samples_leaf"": 3, ""min_samples_split"": 11, ""n_estimators"": 271}"
RandomForest,39,RandomizedSearch (ParameterSampler),auc_pr,5,42,0.9675185476019349,0.02799881501593093,4.959472601000016,"{""max_depth"": 26, ""max_features"": null, ""min_samples_leaf"": 3, ""min_samples_split"": 7, ""n_estimators"": 259}"
RandomForest,40,RandomizedSearch (ParameterSampler),auc_pr,5,42,0.9910836385836385,0.010933802181667937,4.169616412000096,"{""max_depth"": 26, ""max_features"": ""sqrt"", ""min_samples_leaf"": 4, ""min_samples_split"": 2, ""n_estimators"": 417}"
CatBoost,1,RandomizedSearch (ParameterSampler),auc_pr,5,42,0.9763614163614163,0.0221118225483001,31.666717588999973,"{""depth"": 9, ""iterations"": 535, ""l2_leaf_reg"": 8.62735828664018, ""learning_rate"": 0.1205712628744377}"
CatBoost,2,RandomizedSearch (ParameterSampler),auc_pr,5,42,0.97747110533395,0.022647108646744588,1.7278589540001121,"{""depth"": 7, ""iterations"": 120, ""l2_leaf_reg"": 0.7979118876474873, ""learning_rate"": 0.01699897838270077}"
CatBoost,3,RandomizedSearch (ParameterSampler),auc_pr,5,42,0.9777665069972763,0.023789790052212944,4.8187391040000875,"{""depth"": 5, ""iterations"": 558, ""l2_leaf_reg"": 6.697167353375242, ""learning_rate"": 0.07725378389307355}"
CatBoost,4,RandomizedSearch (ParameterSampler),auc_pr,5,42,0.9777603560888697,0.021488489822745184,2.781860836000078,"{""depth"": 5, ""iterations"": 249, ""l2_leaf_reg"": 0.5920565099445673, ""learning_rate"": 0.11654126622287461}"
CatBoost,5,RandomizedSearch (ParameterSampler),auc_pr,5,42,0.9789707898192062,0.02274369453876699,11.557607539999935,"{""depth"": 8, ""iterations"": 393, ""l2_leaf_reg"": 0.501167848732383, ""learning_rate"": 0.2921573276549858}"
CatBoost,6,RandomizedSearch (ParameterSampler),auc_pr,5,42,0.9738367848020673,0.02699590322677195,3.47056320899992,"{""depth"": 3, ""iterations"": 559, ""l2_leaf_reg"": 3.124273988559544, ""learning_rate"": 0.010243250407033817}"
CatBoost,7,RandomizedSearch (ParameterSampler),auc_pr,5,42,0.9689612173048896,0.0322059233219556,0.45347338800002035,"{""depth"": 3, ""iterations"": 148, ""l2_leaf_reg"": 2.4083387766281277, ""learning_rate"": 0.03896217029789141}"
CatBoost,8,RandomizedSearch (ParameterSampler),auc_pr,5,42,0.979028083028083,0.02386168420075281,2.9941259919999084,"{""depth"": 6, ""iterations"": 287, ""l2_leaf_reg"": 1.498365454855079, ""learning_rate"": 0.04717052037625178}"
CatBoost,9,RandomizedSearch (ParameterSampler),auc_pr,5,42,0.9801505845555335,0.0232011970960501,31.55649713700018,"{""depth"": 9, ""iterations"": 545, ""l2_leaf_reg"": 0.9093929525644107, ""learning_rate"": 0.05748924681991978}"
CatBoost,10,RandomizedSearch (ParameterSampler),auc_pr,5,42,0.9738845606652511,0.025818296525063858,1.007681588999958,"{""depth"": 3, ""iterations"": 230, ""l2_leaf_reg"": 6.573221513515376, ""learning_rate"": 0.10113389297817889}"
CatBoost,11,RandomizedSearch (ParameterSampler),auc_pr,5,42,0.9729727689892524,0.024687839872037414,1.1725075680001282,"{""depth"": 3, ""iterations"": 266, ""l2_leaf_reg"": 0.5202692003899476, ""learning_rate"": 0.2464598838968806}"
CatBoost,12,RandomizedSearch (ParameterSampler),auc_pr,5,42,0.9810739680487579,0.022710091089781087,11.520138793999877,"{""depth"": 8, ""iterations"": 341, ""l2_leaf_reg"": 1.586384416291474, ""learning_rate"": 0.010558059144381517}"
CatBoost,13,RandomizedSearch (ParameterSampler),auc_pr,5,42,0.9734030342127508,0.024578443972282062,2.353102232000083,"{""depth"": 4, ""iterations"": 439, ""l2_leaf_reg"": 1.029322261130232, ""learning_rate"": 0.10215580871496355}"
CatBoost,14,RandomizedSearch (ParameterSampler),auc_pr,5,42,0.9809745223221646,0.01922246134338191,4.17865625699983,"{""depth"": 6, ""iterations"": 363, ""l2_leaf_reg"": 0.5542561258655851, ""learning_rate"": 0.22038218939289875}"
CatBoost,15,RandomizedSearch (ParameterSampler),auc_pr,5,42,0.971022498368525,0.027153281328317794,2.2570555790000526,"{""depth"": 6, ""iterations"": 149, ""l2_leaf_reg"": 3.6385753170854684, ""learning_rate"": 0.028869220380495747}"
CatBoost,16,RandomizedSearch (ParameterSampler),auc_pr,5,42,0.9735202956922413,0.024744613125177378,4.385620872000118,"{""depth"": 8, ""iterations"": 153, ""l2_leaf_reg"": 2.571914202538464, ""learning_rate"": 0.01875220945578641}"
CatBoost,17,RandomizedSearch (ParameterSampler),auc_pr,5,42,0.9698974019807354,0.02612566566273063,28.790436003000195,"{""depth"": 9, ""iterations"": 501, ""l2_leaf_reg"": 5.098483969585742, ""learning_rate"": 0.24420460844911424}"
CatBoost,18,RandomizedSearch (ParameterSampler),auc_pr,5,42,0.9784762622997917,0.022792969410132632,18.175559021000026,"{""depth"": 8, ""iterations"": 583, ""l2_leaf_reg"": 2.99816694120633, ""learning_rate"": 0.22999586428143728}"
CatBoost,19,RandomizedSearch (ParameterSampler),auc_pr,5,42,0.9751668186739035,0.02165785465652838,10.684782454000015,"{""depth"": 8, ""iterations"": 314, ""l2_leaf_reg"": 2.3800769554230894, ""learning_rate"": 0.26288610184395456}"
CatBoost,20,RandomizedSearch (ParameterSampler),auc_pr,5,42,0.9805025868978202,0.020581846654764202,5.030719939999926,"{""depth"": 7, ""iterations"": 307, ""l2_leaf_reg"": 4.69089685874811, ""learning_rate"": 0.06268891016222734}"
CatBoost,21,RandomizedSearch (ParameterSampler),auc_pr,5,42,0.97543696519405,0.02378905773353168,1.7848498979999476,"{""depth"": 4, ""iterations"": 316, ""l2_leaf_reg"": 1.1600433752378407, ""learning_rate"": 0.06333268775321842}"
CatBoost,22,RandomizedSearch (ParameterSampler),auc_pr,5,42,0.9675281260971305,0.03217461158802171,1.2028634140001486,"{""depth"": 3, ""iterations"": 256, ""l2_leaf_reg"": 5.529073188281502, ""learning_rate"": 0.012886065671894011}"
CatBoost,23,RandomizedSearch (ParameterSampler),auc_pr,5,42,0.9763876414751882,0.022581116352548652,7.128964015000065,"{""depth"": 9, ""iterations"": 108, ""l2_leaf_reg"": 5.054562991054155, ""learning_rate"": 0.019657448966046126}"
CatBoost,24,RandomizedSearch (ParameterSampler),auc_pr,5,42,0.9790715260463159,0.024975412217747458,14.307779191999998,"{""depth"": 9, ""iterations"": 238, ""l2_leaf_reg"": 0.9071308492550074, ""learning_rate"": 0.11239275523180359}"
CatBoost,25,RandomizedSearch (ParameterSampler),auc_pr,5,42,0.9777212744520435,0.018440964564290795,2.792135915000017,"{""depth"": 5, ""iterations"": 388, ""l2_leaf_reg"": 3.0714405079298475, ""learning_rate"": 0.2334848553346559}"
CatBoost,26,RandomizedSearch (ParameterSampler),auc_pr,5,42,0.9699661778937557,0.030762977025571635,0.5788867279998158,"{""depth"": 4, ""iterations"": 140, ""l2_leaf_reg"": 7.751040159334668, ""learning_rate"": 0.18013995527645618}"
CatBoost,27,RandomizedSearch (ParameterSampler),auc_pr,5,42,0.976641563992634,0.02182752118444119,5.972192747999998,"{""depth"": 6, ""iterations"": 517, ""l2_leaf_reg"": 0.6654285462933982, ""learning_rate"": 0.03529746546288799}"
CatBoost,28,RandomizedSearch (ParameterSampler),auc_pr,5,42,0.9815201465201465,0.02157853411187781,10.133364442999891,"{""depth"": 8, ""iterations"": 315, ""l2_leaf_reg"": 3.6758261673450345, ""learning_rate"": 0.07471684586695038}"
CatBoost,29,RandomizedSearch (ParameterSampler),auc_pr,5,42,0.9799717194570136,0.02312330686960846,17.956991577000053,"{""depth"": 8, ""iterations"": 574, ""l2_leaf_reg"": 2.686362004447337, ""learning_rate"": 0.036781499095023595}"
CatBoost,30,RandomizedSearch (ParameterSampler),auc_pr,5,42,0.978186813186813,0.023353367565816303,34.855153071999894,"{""depth"": 9, ""iterations"": 561, ""l2_leaf_reg"": 6.3596373816331635, ""learning_rate"": 0.11643458936511251}"
CatBoost,31,RandomizedSearch (ParameterSampler),auc_pr,5,42,0.9789742109439249,0.023955119538754018,19.959928199999922,"{""depth"": 9, ""iterations"": 354, ""l2_leaf_reg"": 1.076769072877382, ""learning_rate"": 0.011474276591948267}"
CatBoost,32,RandomizedSearch (ParameterSampler),auc_pr,5,42,0.9782507830478913,0.023921500017740478,6.911568475000195,"{""depth"": 9, ""iterations"": 114, ""l2_leaf_reg"": 0.6970152633578899, ""learning_rate"": 0.04456083137211897}"
CatBoost,33,RandomizedSearch (ParameterSampler),auc_pr,5,42,0.9729546145702942,0.027186609700106352,1.5134474359999786,"{""depth"": 5, ""iterations"": 162, ""l2_leaf_reg"": 7.317880467863896, ""learning_rate"": 0.050370870987620504}"
CatBoost,34,RandomizedSearch (ParameterSampler),auc_pr,5,42,0.9741214480412929,0.024145064210681338,2.8374854840001262,"{""depth"": 7, ""iterations"": 195, ""l2_leaf_reg"": 4.016588081569866, ""learning_rate"": 0.016062363601797407}"
CatBoost,35,RandomizedSearch (ParameterSampler),auc_pr,5,42,0.9796857816797087,0.022300166671616495,18.98055231400008,"{""depth"": 9, ""iterations"": 336, ""l2_leaf_reg"": 2.5195295541717955, ""learning_rate"": 0.019950144748611585}"
CatBoost,36,RandomizedSearch (ParameterSampler),auc_pr,5,42,0.9775727780990937,0.0217875264730874,5.365006400000084,"{""depth"": 7, ""iterations"": 259, ""l2_leaf_reg"": 3.006851220058159, ""learning_rate"": 0.10623841728427216}"
CatBoost,37,RandomizedSearch (ParameterSampler),auc_pr,5,42,0.972125261551264,0.027430280382129715,2.2750641580000774,"{""depth"": 6, ""iterations"": 165, ""l2_leaf_reg"": 3.2454382389406087, ""learning_rate"": 0.02733296850684206}"
CatBoost,38,RandomizedSearch (ParameterSampler),auc_pr,5,42,0.9826983678086618,0.02293352843612197,3.895633435000036,"{""depth"": 7, ""iterations"": 233, ""l2_leaf_reg"": 1.963067235735849, ""learning_rate"": 0.02102146663035812}"
CatBoost,39,RandomizedSearch (ParameterSampler),auc_pr,5,42,0.9779948858172043,0.023752205339720493,3.9855870860001232,"{""depth"": 6, ""iterations"": 385, ""l2_leaf_reg"": 7.0492695228547735, ""learning_rate"": 0.030136785318307355}"
CatBoost,40,RandomizedSearch (ParameterSampler),auc_pr,5,42,0.9781744798105672,0.022068028019711944,26.797520623000082,"{""depth"": 9, ""iterations"": 447, ""l2_leaf_reg"": 1.453865326366208, ""learning_rate"": 0.21852220060990538}"
