seed,fold,arm,augmentation,n_synthetic,n_train_rows,accuracy,precision,recall,macro_f1,auc_roc,auc_pr,tn,fp,fn,tp,n,n_positive,base_rate_pct,pred_std,pred_min,pred_max,pred_mean
42,1,original,none,0,627,1.0,1.0,1.0,1.0,1.0,0.9999999999999998,143,0,0,14,157,14,8.92,0.2840283071915198,7.773191776720131e-08,0.9999989271978713,0.09013457201476689
42,1,SMOTE+250,smote,250,877,1.0,1.0,1.0,1.0,1.0,0.9999999999999999,143,0,0,14,157,14,8.92,0.2777774059420032,1.565676324374118e-07,0.9999995549949716,0.08699465937112633
42,1,SMOTE+500,smote,500,1127,1.0,1.0,1.0,1.0,1.0,0.9999999999999998,143,0,0,14,157,14,8.92,0.2846344864731751,1.956322558822798e-07,0.9999996951296916,0.0916910385637829
42,1,CTGAN+250,ctgan,250,877,1.0,1.0,1.0,1.0,1.0,0.9999999999999998,143,0,0,14,157,14,8.92,0.28356837419755565,1.508778367418295e-07,0.9999996778505457,0.09044394627215158
42,1,CTGAN+500,ctgan,500,1127,0.9936305732484076,0.9333333333333333,1.0,0.981004234724743,1.0,0.9999999999999998,142,1,0,14,157,14,8.92,0.2885390038937899,1.75814836766654e-07,0.999999725063495,0.09529946435715175
42,2,original,none,0,627,0.9872611464968153,1.0,0.8571428571428571,0.9580662393162394,0.9999999999999999,0.9999999999999998,143,0,2,12,157,14,8.92,0.26441545759412155,6.504868493883457e-08,0.9999991884929711,0.0767025346711034
42,2,SMOTE+250,smote,250,877,0.9872611464968153,1.0,0.8571428571428571,0.9580662393162394,1.0,0.9999999999999999,143,0,2,12,157,14,8.92,0.26478827767656726,1.609177427118294e-07,0.9999995761253957,0.07940186403827748
42,2,SMOTE+500,smote,500,1127,0.9936305732484076,1.0,0.9285714285714286,0.9797393212027359,1.0,0.9999999999999998,143,0,1,13,157,14,8.92,0.27040211262497843,2.2511585438432938e-07,0.9999997303130531,0.0818404479946228
42,2,CTGAN+250,ctgan,250,877,0.9936305732484076,1.0,0.9285714285714286,0.9797393212027359,1.0,1.0,143,0,1,13,157,14,8.92,0.26713442023325423,1.65868622557607e-07,0.9999996837204742,0.08099786468994626
42,2,CTGAN+500,ctgan,500,1127,0.9872611464968153,1.0,0.8571428571428571,0.9580662393162394,0.999000999000999,0.9901360544217686,143,0,2,12,157,14,8.92,0.26550248770445745,2.5006788660309235e-07,0.999999735469884,0.0771315168373628
42,3,original,none,0,627,0.9872611464968153,0.875,1.0,0.9631455399061033,0.9995004995004995,0.9952380952380953,141,2,0,14,157,14,8.92,0.3006857154591841,5.960499980283145e-08,0.9999985707387327,0.10147703784072964
42,3,SMOTE+250,smote,250,877,0.9872611464968153,0.875,1.0,0.9631455399061033,1.0,0.9999999999999999,141,2,0,14,157,14,8.92,0.3020159429314184,1.7460148620269597e-07,0.9999993935128769,0.10332350663535603
42,3,SMOTE+500,smote,500,1127,0.9872611464968153,0.875,1.0,0.9631455399061033,1.0,0.9999999999999999,141,2,0,14,157,14,8.92,0.3023290063834599,2.2099163680179549e-07,0.9999996378843633,0.10213686113636748
42,3,CTGAN+250,ctgan,250,877,0.9936305732484076,0.9333333333333333,1.0,0.981004234724743,1.0,0.9999999999999999,142,1,0,14,157,14,8.92,0.28727164945338207,1.3934598829111648e-07,0.999999591195673,0.09364678468839191
42,3,CTGAN+500,ctgan,500,1127,0.9936305732484076,0.9333333333333333,1.0,0.981004234724743,0.9995004995004995,0.9952380952380953,142,1,0,14,157,14,8.92,0.2824030388811123,2.0451087442554146e-07,0.9999997653977897,0.09306100999482458
42,4,original,none,0,627,0.9936305732484076,1.0,0.9285714285714286,0.9797393212027359,1.0,1.0,143,0,1,13,157,14,8.92,0.27641348737336197,5.7785116246142826e-08,0.9999996573186747,0.08600519852958406
42,4,SMOTE+250,smote,250,877,0.9872611464968153,0.9285714285714286,0.9285714285714286,0.9607892107892109,0.9995004995004995,0.9952380952380953,142,1,1,13,157,14,8.92,0.279276586069386,1.3663659133871676e-07,0.999999603830817,0.09005117495322001
42,4,SMOTE+500,smote,500,1127,0.9872611464968153,0.9285714285714286,0.9285714285714286,0.9607892107892109,0.9990009990009989,0.9910714285714286,142,1,1,13,157,14,8.92,0.284239904859066,2.1009709361240236e-07,0.999999687331547,0.09218426300094955
42,4,CTGAN+250,ctgan,250,877,0.9936305732484076,1.0,0.9285714285714286,0.9797393212027359,0.9995004995004995,0.9952380952380953,143,0,1,13,157,14,8.92,0.2767595841088118,1.3394324116603246e-07,0.9999995923364041,0.08613011396947949
42,4,CTGAN+500,ctgan,500,1127,1.0,1.0,1.0,1.0,1.0,0.9999999999999999,143,0,0,14,157,14,8.92,0.2824049672551887,2.0532911182555572e-07,0.9999997895524692,0.08901036649269856
42,5,original,none,0,628,0.9807692307692307,1.0,0.7692307692307693,0.929592297276967,0.9983862291554599,0.9838264299802761,143,0,3,10,156,13,8.33,0.24228698599362566,6.768084515621094e-08,0.9999982490651056,0.06520804705182294
42,5,SMOTE+250,smote,250,878,0.9807692307692307,1.0,0.7692307692307693,0.929592297276967,0.9951586874663797,0.9607495069033529,143,0,3,10,156,13,8.33,0.24638972512104457,1.803629950390908e-07,0.9999994438242534,0.0672687745700417
42,5,SMOTE+500,smote,500,1128,0.9807692307692307,1.0,0.7692307692307693,0.929592297276967,0.9962345346960731,0.9663050624589085,143,0,3,10,156,13,8.33,0.244800266328712,2.348989463627152e-07,0.9999996949805041,0.06664774368567396
42,5,CTGAN+250,ctgan,250,878,0.9807692307692307,0.9166666666666666,0.8461538461538461,0.9347735191637631,0.9978483055406132,0.9774161735700198,142,1,2,11,156,13,8.33,0.257152570909792,1.6455201935864965e-07,0.9999996615683133,0.07432778333095771
42,5,CTGAN+500,ctgan,500,1128,0.9807692307692307,1.0,0.7692307692307693,0.929592297276967,0.9983862291554599,0.9821780783319243,143,0,3,10,156,13,8.33,0.24536765417384904,2.2471770607756101e-07,0.9999996980232398,0.06639819823342212
42,6,original,none,0,627,1.0,1.0,1.0,1.0,1.0,0.9999999999999999,143,0,0,14,157,14,8.92,0.28496034827941324,5.477457304956187e-08,0.9999991151099125,0.08923843459919889
42,6,SMOTE+250,smote,250,877,1.0,1.0,1.0,1.0,1.0,0.9999999999999998,143,0,0,14,157,14,8.92,0.28498520883922496,1.4076220057510214e-07,0.9999995781166734,0.08918255651858885
42,6,SMOTE+500,smote,500,1127,1.0,1.0,1.0,1.0,1.0,0.9999999999999999,143,0,0,14,157,14,8.92,0.2849763760203739,1.935255091891167e-07,0.9999996255437408,0.08917136803027023
42,6,CTGAN+250,ctgan,250,877,1.0,1.0,1.0,1.0,1.0,0.9999999999999999,143,0,0,14,157,14,8.92,0.2849881824751938,1.406213567838459e-07,0.999999731824905,0.08917608205127085
42,6,CTGAN+500,ctgan,500,1127,1.0,1.0,1.0,1.0,1.0,0.9999999999999998,143,0,0,14,157,14,8.92,0.28499024437847037,1.999606011334414e-07,0.9999997747119326,0.08917557009144493
42,7,original,none,0,627,0.9617834394904459,0.75,0.8571428571428571,0.8894366197183099,0.9935064935064936,0.9438243129419599,139,4,2,12,157,14,8.92,0.2980320738004329,1.1055357172587381e-07,0.9999990318446165,0.10032147562557085
42,7,SMOTE+250,smote,250,877,0.9681528662420382,0.8,0.8571428571428571,0.9050211736237144,0.99000999000999,0.9407529590085368,140,3,2,12,157,14,8.92,0.2848933913781565,1.9410940036729421e-07,0.9999995028060576,0.09419449714414149
42,7,SMOTE+500,smote,500,1127,0.9617834394904459,0.75,0.8571428571428571,0.8894366197183099,0.991008991008991,0.9307814034704791,139,4,2,12,157,14,8.92,0.3018933221344888,3.4025663780515265e-07,0.9999995631446242,0.10169992742711167
42,7,CTGAN+250,ctgan,250,877,0.9681528662420382,0.8,0.8571428571428571,0.9050211736237144,0.994005994005994,0.9482398222446872,140,3,2,12,157,14,8.92,0.28802984879176174,1.8762654567105445e-07,0.9999996201576438,0.09599514681084471
42,7,CTGAN+500,ctgan,500,1127,0.9681528662420382,0.8,0.8571428571428571,0.9050211736237144,0.9935064935064934,0.9479368670545141,140,3,2,12,157,14,8.92,0.29098639391994463,2.425702229853151e-07,0.9999997538846319,0.09697595380239722
42,8,original,none,0,627,0.9872611464968153,1.0,0.8571428571428571,0.9580662393162394,1.0,0.9999999999999999,143,0,2,12,157,14,8.92,0.2661172039623477,4.7577543475656474e-08,0.9999992113638925,0.07847877331911411
42,8,SMOTE+250,smote,250,877,0.9872611464968153,1.0,0.8571428571428571,0.9580662393162394,0.999000999000999,0.9910714285714286,143,0,2,12,157,14,8.92,0.2654852399553339,1.5789136087014292e-07,0.9999995857042301,0.07795310520062089
42,8,SMOTE+500,smote,500,1127,0.9872611464968153,1.0,0.8571428571428571,0.9580662393162394,0.9995004995004995,0.9952380952380951,143,0,2,12,157,14,8.92,0.26550308634851083,2.16561440795616e-07,0.9999997084010162,0.07734852158436581
42,8,CTGAN+250,ctgan,250,877,0.9872611464968153,1.0,0.8571428571428571,0.9580662393162394,1.0,0.9999999999999999,143,0,2,12,157,14,8.92,0.2655256121803292,1.440373483038558e-07,0.9999997427892957,0.07832640878723135
42,8,CTGAN+500,ctgan,500,1127,0.9808917197452229,0.9230769230769231,0.8571428571428571,0.9392179636082074,0.998001998001998,0.9822929171668666,142,1,2,12,157,14,8.92,0.275311091899053,2.3044520895418654e-07,0.9999997602214079,0.08283336220559621
42,9,original,none,0,627,0.9936305732484076,1.0,0.9285714285714286,0.9797393212027359,1.0,1.0,143,0,1,13,157,14,8.92,0.2755148795184755,6.282854764844954e-08,0.9999992867337615,0.0828697045341759
42,9,SMOTE+250,smote,250,877,0.9936305732484076,1.0,0.9285714285714286,0.9797393212027359,0.9995004995004995,0.9952380952380953,143,0,1,13,157,14,8.92,0.2753980053638531,1.4707827831162595e-07,0.9999996021272715,0.08379956707667599
42,9,SMOTE+500,smote,500,1127,0.9936305732484076,1.0,0.9285714285714286,0.9797393212027359,0.9995004995004995,0.9952380952380953,143,0,1,13,157,14,8.92,0.27539310177931725,2.1844413306547925e-07,0.9999997117836861,0.08368161738040221
42,9,CTGAN+250,ctgan,250,877,1.0,1.0,1.0,1.0,1.0,1.0,143,0,0,14,157,14,8.92,0.27990845109672124,1.6754607808715403e-07,0.9999996310680956,0.08746903065941439
42,9,CTGAN+500,ctgan,500,1127,0.9936305732484076,1.0,0.9285714285714286,0.9797393212027359,0.999000999000999,0.9910714285714285,143,0,1,13,157,14,8.92,0.27522309896778346,2.3125900588519187e-07,0.9999997579627016,0.08340096823893368
42,10,original,none,0,628,0.9935897435897436,1.0,0.9230769230769231,0.9782578397212544,1.0,0.9999999999999998,143,0,1,12,156,13,8.33,0.2652730195321402,5.280159038293832e-08,0.9999992829946797,0.07716231242140775
42,10,SMOTE+250,smote,250,878,0.9935897435897436,1.0,0.9230769230769231,0.9782578397212544,0.9994620763851534,0.9945054945054945,143,0,1,12,156,13,8.33,0.26606816430493047,1.5468295938950587e-07,0.9999992505645648,0.0772517676791723
42,10,SMOTE+500,smote,500,1128,0.9935897435897436,1.0,0.9230769230769231,0.9782578397212544,0.9994620763851533,0.9945054945054945,143,0,1,12,156,13,8.33,0.26597031128614945,1.753603196594334e-07,0.9999996203052705,0.07786540311230215
42,10,CTGAN+250,ctgan,250,878,0.9935897435897436,1.0,0.9230769230769231,0.9782578397212544,1.0,0.9999999999999998,143,0,1,12,156,13,8.33,0.2641207947025846,1.478421177451055e-07,0.999999484872655,0.07776102946706917
42,10,CTGAN+500,ctgan,500,1128,0.9871794871794872,0.9230769230769231,0.9230769230769231,0.9580419580419581,0.9983862291554599,0.9821780783319245,142,1,1,12,156,13,8.33,0.271995534750648,1.9269822960294604e-07,0.9999997386239555,0.08447005003254747
42,11,original,none,0,627,0.9872611464968153,1.0,0.8571428571428571,0.9580662393162394,1.0,0.9999999999999999,143,0,2,12,157,14,8.92,0.2635913235370987,4.7620051353928884e-08,0.999999087679189,0.07660682043329724
42,11,SMOTE+250,smote,250,877,0.9872611464968153,1.0,0.8571428571428571,0.9580662393162394,1.0,0.9999999999999999,143,0,2,12,157,14,8.92,0.2647954990182163,1.643635050859623e-07,0.9999995800228777,0.07774089140178374
42,11,SMOTE+500,smote,500,1127,0.9936305732484076,1.0,0.9285714285714286,0.9797393212027359,1.0,0.9999999999999998,143,0,1,13,157,14,8.92,0.27125289671315284,2.2130030723602073e-07,0.9999996673887754,0.081721485471312
42,11,CTGAN+250,ctgan,250,877,0.9872611464968153,1.0,0.8571428571428571,0.9580662393162394,1.0,0.9999999999999998,143,0,2,12,157,14,8.92,0.26843800871030316,1.625610649607251e-07,0.9999996655530522,0.08198117468126223
42,11,CTGAN+500,ctgan,500,1127,0.9936305732484076,1.0,0.9285714285714286,0.9797393212027359,1.0,0.9999999999999998,143,0,1,13,157,14,8.92,0.27288173103536884,1.8534026329996538e-07,0.9999997628034695,0.08402359671521106
42,12,original,none,0,627,0.9872611464968153,0.9285714285714286,0.9285714285714286,0.9607892107892109,0.9965034965034966,0.9761904761904763,142,1,1,13,157,14,8.92,0.2788028885418846,6.380816948688398e-08,0.9999989208267972,0.08819326522691665
42,12,SMOTE+250,smote,250,877,0.9872611464968153,0.9285714285714286,0.9285714285714286,0.9607892107892109,0.9855144855144855,0.951827242524917,142,1,1,13,157,14,8.92,0.28236580505013703,1.6476087596890992e-07,0.9999996058454254,0.09031183240473209
42,12,SMOTE+500,smote,500,1127,0.9808917197452229,0.8666666666666667,0.9285714285714286,0.9430127041742287,0.991008991008991,0.9598214285714286,141,2,1,13,157,14,8.92,0.2889634750734519,2.2112236032465894e-07,0.9999997076735299,0.09433977953684741
42,12,CTGAN+250,ctgan,250,877,0.9936305732484076,1.0,0.9285714285714286,0.9797393212027359,0.9975024975024975,0.981203007518797,143,0,1,13,157,14,8.92,0.27589061611779986,1.4256127980405037e-07,0.9999997279792832,0.08525561507646137
42,12,CTGAN+500,ctgan,500,1127,0.9872611464968153,0.9285714285714286,0.9285714285714286,0.9607892107892109,0.9930069930069929,0.9642857142857142,142,1,1,13,157,14,8.92,0.2800446408394708,1.843621654989799e-07,0.9999997820774325,0.08847556200956071
42,13,original,none,0,627,0.9936305732484076,1.0,0.9285714285714286,0.9797393212027359,1.0,0.9999999999999999,143,0,1,13,157,14,8.92,0.2753794811750461,7.458406145376035e-08,0.9999990817613239,0.0840693553082803
42,13,SMOTE+250,smote,250,877,1.0,1.0,1.0,1.0,1.0,0.9999999999999999,143,0,0,14,157,14,8.92,0.283156567827265,1.4791697224986844e-07,0.9999996196123727,0.08889049989223934
42,13,SMOTE+500,smote,500,1127,0.9936305732484076,0.9333333333333333,1.0,0.981004234724743,1.0,0.9999999999999999,142,1,0,14,157,14,8.92,0.2857105545304242,2.022624546230323e-07,0.9999997192990937,0.09210648888032573
42,13,CTGAN+250,ctgan,250,877,0.9808917197452229,0.8666666666666667,0.9285714285714286,0.9430127041742287,0.9990009990009989,0.9910714285714285,141,2,1,13,157,14,8.92,0.2919500783804643,1.6736848400695944e-07,0.9999996481377714,0.09492588887217748
42,13,CTGAN+500,ctgan,500,1127,0.9936305732484076,0.9333333333333333,1.0,0.981004234724743,0.9995004995004995,0.9952380952380953,142,1,0,14,157,14,8.92,0.28904145060538455,1.754585824699592e-07,0.9999997367094953,0.09615232909402664
42,14,original,none,0,627,0.9872611464968153,1.0,0.8571428571428571,0.9580662393162394,0.9990009990009989,0.9910714285714285,143,0,2,12,157,14,8.92,0.25902520483779,6.749257275871264e-08,0.9999991366159964,0.07873715090993437
42,14,SMOTE+250,smote,250,877,0.9681528662420382,0.8461538461538461,0.7857142857142857,0.8986966060136792,0.997002997002997,0.9713435374149659,141,2,3,11,157,14,8.92,0.26617326372884564,1.949332806795617e-07,0.999999476528876,0.08335495431297296
42,14,SMOTE+500,smote,500,1127,0.9681528662420382,0.8461538461538461,0.7857142857142857,0.8986966060136792,0.997002997002997,0.9713435374149659,141,2,3,11,157,14,8.92,0.27084912029245,2.662982843328915e-07,0.9999996884708218,0.08470290551438513
42,14,CTGAN+250,ctgan,250,877,0.9808917197452229,1.0,0.7857142857142857,0.9348096885813149,0.9985014985014985,0.9873949579831932,143,0,3,11,157,14,8.92,0.2581414087793798,2.0011855597801825e-07,0.9999996242843404,0.07659427783090537
42,14,CTGAN+500,ctgan,500,1127,0.9872611464968153,1.0,0.8571428571428571,0.9580662393162394,0.9985014985014986,0.9859693877551019,143,0,2,12,157,14,8.92,0.2627970795719228,2.1137611783556396e-07,0.9999997659392238,0.07626314469513046
42,15,original,none,0,628,1.0,1.0,1.0,1.0,1.0,1.0,143,0,0,13,156,13,8.33,0.27563131298145604,4.634518690376266e-08,0.9999989546678523,0.08315026543919735
42,15,SMOTE+250,smote,250,878,1.0,1.0,1.0,1.0,1.0,1.0,143,0,0,13,156,13,8.33,0.2762849797743674,1.5569986902525182e-07,0.9999996098830485,0.08373266514942486
42,15,SMOTE+500,smote,500,1128,1.0,1.0,1.0,1.0,1.0,0.9999999999999998,143,0,0,13,156,13,8.33,0.2763227359148272,1.9072649371156887e-07,0.9999997481016025,0.08355553913932529
42,15,CTGAN+250,ctgan,250,878,1.0,1.0,1.0,1.0,1.0,1.0,143,0,0,13,156,13,8.33,0.2762301297263412,1.5835936905209762e-07,0.9999996958456937,0.08342709328842526
42,15,CTGAN+500,ctgan,500,1128,1.0,1.0,1.0,1.0,1.0,0.9999999999999998,143,0,0,13,156,13,8.33,0.2700554464530036,1.9415749749885978e-07,0.9999997741815078,0.08328722446432331
42,16,original,none,0,627,0.9808917197452229,1.0,0.7857142857142857,0.9348096885813149,0.9945054945054945,0.9614531431301617,143,0,3,11,157,14,8.92,0.2568297492268684,1.2112272324882995e-07,0.9999986028783492,0.07374217705166082
42,16,SMOTE+250,smote,250,877,0.9808917197452229,1.0,0.7857142857142857,0.9348096885813149,0.9915084915084915,0.950892857142857,143,0,3,11,157,14,8.92,0.25650919251842014,2.2374871290799498e-07,0.9999995294140308,0.07461165595616256
42,16,SMOTE+500,smote,500,1127,0.9872611464968153,1.0,0.8571428571428571,0.9580662393162394,0.9905094905094904,0.9547193877551019,143,0,2,12,157,14,8.92,0.26272430683218545,3.0133360627200654e-07,0.9999996595544929,0.07756692256002345
42,16,CTGAN+250,ctgan,250,877,0.9745222929936306,0.9166666666666666,0.7857142857142857,0.9161324786324787,0.9965034965034965,0.9706064612079649,142,1,3,11,157,14,8.92,0.2583749464102587,1.7211323746062632e-07,0.9999996614046965,0.07582256526579356
42,16,CTGAN+500,ctgan,500,1127,0.9872611464968153,1.0,0.8571428571428571,0.9580662393162394,0.9965034965034965,0.9716791979949875,143,0,2,12,157,14,8.92,0.2623477549317155,2.693417010517808e-07,0.9999997477211348,0.07750979773766044
42,17,original,none,0,627,0.9808917197452229,0.9230769230769231,0.8571428571428571,0.9392179636082074,0.999000999000999,0.9901360544217688,142,1,2,12,157,14,8.92,0.27533773946806195,7.614880205110684e-08,0.9999994704349473,0.08453183494419456
42,17,SMOTE+250,smote,250,877,0.9808917197452229,0.9230769230769231,0.8571428571428571,0.9392179636082074,0.998001998001998,0.9822929171668666,142,1,2,12,157,14,8.92,0.2755683453156532,1.8840734806171116e-07,0.9999995879569433,0.08501718589201751
42,17,SMOTE+500,smote,500,1127,0.9872611464968153,0.9285714285714286,0.9285714285714286,0.9607892107892109,0.9985014985014985,0.9846415489272632,142,1,1,13,157,14,8.92,0.2816581690548059,2.3603502522429805e-07,0.9999996776205757,0.08811734145845757
42,17,CTGAN+250,ctgan,250,877,0.9872611464968153,0.875,1.0,0.9631455399061033,0.9985014985014985,0.985969387755102,141,2,0,14,157,14,8.92,0.29116259174549425,1.5131782509223816e-07,0.9999996948941363,0.09957453723100279
42,17,CTGAN+500,ctgan,500,1127,0.9808917197452229,0.8666666666666667,0.9285714285714286,0.9430127041742287,0.9990009990009989,0.9910714285714285,141,2,1,13,157,14,8.92,0.28600826858014033,2.310930144983568e-07,0.9999997417003358,0.09486015126841486
42,18,original,none,0,627,1.0,1.0,1.0,1.0,1.0,1.0,143,0,0,14,157,14,8.92,0.2842740293168688,5.28088879895975e-08,0.9999988951971557,0.08899578888777106
42,18,SMOTE+250,smote,250,877,1.0,1.0,1.0,1.0,1.0,0.9999999999999999,143,0,0,14,157,14,8.92,0.2839003719113842,1.2791681146149968e-07,0.9999995695490805,0.08938523032578688
42,18,SMOTE+500,smote,500,1127,1.0,1.0,1.0,1.0,1.0,0.9999999999999999,143,0,0,14,157,14,8.92,0.2829569144112677,1.9972665880714762e-07,0.9999996920137446,0.0885561711754307
42,18,CTGAN+250,ctgan,250,877,1.0,1.0,1.0,1.0,1.0,0.9999999999999999,143,0,0,14,157,14,8.92,0.2838100154336435,1.5063927141698827e-07,0.9999996641860038,0.08887743649951803
42,18,CTGAN+500,ctgan,500,1127,1.0,1.0,1.0,1.0,1.0,1.0,143,0,0,14,157,14,8.92,0.2838533310827252,1.978614886430761e-07,0.9999997783034694,0.0888759628030644
42,19,original,none,0,627,1.0,1.0,1.0,1.0,1.0,1.0,143,0,0,14,157,14,8.92,0.28423341187643697,5.359969947190446e-08,0.9999994698846283,0.08895608863177087
42,19,SMOTE+250,smote,250,877,1.0,1.0,1.0,1.0,1.0,1.0,143,0,0,14,157,14,8.92,0.28468570020898243,1.6254608155876467e-07,0.9999995707301488,0.08910762907282066
42,19,SMOTE+500,smote,500,1127,1.0,1.0,1.0,1.0,1.0,0.9999999999999998,143,0,0,14,157,14,8.92,0.28495195734723466,2.1220183683606548e-07,0.9999997431576555,0.08920633864984812
42,19,CTGAN+250,ctgan,250,877,1.0,1.0,1.0,1.0,1.0,0.9999999999999999,143,0,0,14,157,14,8.92,0.2843972319961838,1.4714725438131526e-07,0.9999996681216956,0.0889927562406763
42,19,CTGAN+500,ctgan,500,1127,1.0,1.0,1.0,1.0,1.0,1.0,143,0,0,14,157,14,8.92,0.28180194260375513,1.774949752983218e-07,0.9999997642975402,0.08809301642809768
42,20,original,none,0,628,1.0,1.0,1.0,1.0,1.0,1.0,143,0,0,13,156,13,8.33,0.2753950402061289,5.284518976896358e-08,0.9999993941413781,0.08312967287680326
42,20,SMOTE+250,smote,250,878,1.0,1.0,1.0,1.0,1.0,1.0,143,0,0,13,156,13,8.33,0.2722068836959897,1.4483275566494998e-07,0.9999995286021564,0.08198924065364242
42,20,SMOTE+500,smote,500,1128,1.0,1.0,1.0,1.0,1.0,1.0,143,0,0,13,156,13,8.33,0.2736170596571383,1.9886911161450674e-07,0.9999997444719624,0.0825256121977386
42,20,CTGAN+250,ctgan,250,878,1.0,1.0,1.0,1.0,1.0,1.0,143,0,0,13,156,13,8.33,0.2743032301305977,1.7496488280159739e-07,0.999999630715688,0.0827376758974982
42,20,CTGAN+500,ctgan,500,1128,1.0,1.0,1.0,1.0,1.0,1.0,143,0,0,13,156,13,8.33,0.2762545225691638,1.9201834856169691e-07,0.9999997152177009,0.08379717542479038
42,21,original,none,0,627,0.9936305732484076,1.0,0.9285714285714286,0.9797393212027359,1.0,1.0,143,0,1,13,157,14,8.92,0.27441208326281247,7.494514054965805e-08,0.9999991521269954,0.08258965544139298
42,21,SMOTE+250,smote,250,877,0.9936305732484076,1.0,0.9285714285714286,0.9797393212027359,1.0,0.9999999999999998,143,0,1,13,157,14,8.92,0.27179118264407043,1.6193696982698209e-07,0.9999995785601892,0.0815635362068192
42,21,SMOTE+500,smote,500,1127,0.9872611464968153,1.0,0.8571428571428571,0.9580662393162394,1.0,1.0,143,0,2,12,157,14,8.92,0.26701713923213866,2.3018495819641394e-07,0.9999997095289861,0.07915518289554896
42,21,CTGAN+250,ctgan,250,877,0.9936305732484076,1.0,0.9285714285714286,0.9797393212027359,1.0,1.0,143,0,1,13,157,14,8.92,0.26815780870876393,1.7208510088937121e-07,0.999999589893959,0.08185243458614047
42,21,CTGAN+500,ctgan,500,1127,1.0,1.0,1.0,1.0,1.0,1.0,143,0,0,14,157,14,8.92,0.2765562997328527,2.08458243502207e-07,0.9999996756485288,0.08653108598661483
42,22,original,none,0,627,0.9936305732484076,1.0,0.9285714285714286,0.9797393212027359,0.9965034965034965,0.976190476190476,143,0,1,13,157,14,8.92,0.2775661823117974,5.622558413538338e-08,0.9999992093922343,0.08732472086479011
42,22,SMOTE+250,smote,250,877,0.9872611464968153,0.9285714285714286,0.9285714285714286,0.9607892107892109,0.996003996003996,0.974025974025974,142,1,1,13,157,14,8.92,0.2797143831755381,1.6647581151559638e-07,0.9999995992956241,0.08841581548091297
42,22,SMOTE+500,smote,500,1127,0.9872611464968153,0.9285714285714286,0.9285714285714286,0.9607892107892109,0.9960039960039959,0.974025974025974,142,1,1,13,157,14,8.92,0.28261703296011087,2.202335817096813e-07,0.9999997300660615,0.0899250466004269
42,22,CTGAN+250,ctgan,250,877,0.9808917197452229,0.8666666666666667,0.9285714285714286,0.9430127041742287,0.9960039960039959,0.974025974025974,141,2,1,13,157,14,8.92,0.2831711196186745,2.0573044843143582e-07,0.9999996814893903,0.09171017699481836
42,22,CTGAN+500,ctgan,500,1127,0.9936305732484076,1.0,0.9285714285714286,0.9797393212027359,0.999000999000999,0.9910714285714285,143,0,1,13,157,14,8.92,0.2763785902887163,2.0100231506997296e-07,0.9999997635670514,0.08610933493242842
42,23,original,none,0,627,0.9936305732484076,1.0,0.9285714285714286,0.9797393212027359,1.0,0.9999999999999999,143,0,1,13,157,14,8.92,0.2610999441496585,7.09243227967984e-08,0.9999989100664808,0.07797859372693494
42,23,SMOTE+250,smote,250,877,0.9936305732484076,1.0,0.9285714285714286,0.9797393212027359,1.0,1.0,143,0,1,13,157,14,8.92,0.2718769457306858,1.3008620226436092e-07,0.9999995688855479,0.08320087062842856
42,23,SMOTE+500,smote,500,1127,1.0,1.0,1.0,1.0,1.0,1.0,143,0,0,14,157,14,8.92,0.2734717570175619,1.8490287353419317e-07,0.9999996900609688,0.08501860274622079
42,23,CTGAN+250,ctgan,250,877,0.9872611464968153,1.0,0.8571428571428571,0.9580662393162394,1.0,1.0,143,0,2,12,157,14,8.92,0.26560658419722183,1.604290139435448e-07,0.9999996839168697,0.07673398688084686
42,23,CTGAN+500,ctgan,500,1127,0.9872611464968153,1.0,0.8571428571428571,0.9580662393162394,1.0,1.0,143,0,2,12,157,14,8.92,0.26318776755144796,1.9599496179842746e-07,0.999999695561335,0.07575338570677484
42,24,original,none,0,627,0.9872611464968153,1.0,0.8571428571428571,0.9580662393162394,1.0,1.0,143,0,2,12,157,14,8.92,0.2644687448758708,5.58512041986229e-08,0.999999046295528,0.07713249688379002
42,24,SMOTE+250,smote,250,877,0.9872611464968153,1.0,0.8571428571428571,0.9580662393162394,1.0,1.0,143,0,2,12,157,14,8.92,0.26698464161724356,1.8636635200848557e-07,0.9999996217508517,0.07919409664538456
42,24,SMOTE+500,smote,500,1127,0.9936305732484076,1.0,0.9285714285714286,0.9797393212027359,1.0,1.0,143,0,1,13,157,14,8.92,0.2722628378569793,2.3715565164323657e-07,0.9999997055148925,0.08186273618457922
42,24,CTGAN+250,ctgan,250,877,0.9936305732484076,1.0,0.9285714285714286,0.9797393212027359,1.0,1.0,143,0,1,13,157,14,8.92,0.27089409187004493,1.51823639646541e-07,0.9999996261928458,0.08356246225282547
42,24,CTGAN+500,ctgan,500,1127,0.9936305732484076,1.0,0.9285714285714286,0.9797393212027359,1.0,1.0,143,0,1,13,157,14,8.92,0.2700088909946106,2.1205816753880878e-07,0.9999997294279658,0.08397755868336151
42,25,original,none,0,628,0.9935897435897436,0.9285714285714286,1.0,0.9797270955165691,0.9994620763851533,0.9945054945054945,142,1,0,13,156,13,8.33,0.28037033142526885,6.02462219286514e-08,0.999998487963533,0.08896619533465103
42,25,SMOTE+250,smote,250,878,0.9935897435897436,0.9285714285714286,1.0,0.9797270955165691,0.9994620763851533,0.9945054945054943,142,1,0,13,156,13,8.33,0.28593820855753316,1.7139704653079777e-07,0.9999994297595073,0.09370230394502273
42,25,SMOTE+500,smote,500,1128,0.9935897435897436,0.9285714285714286,1.0,0.9797270955165691,0.9994620763851533,0.9945054945054943,142,1,0,13,156,13,8.33,0.28299781576478766,2.1120466262173098e-07,0.9999996024959691,0.09363463214190715
42,25,CTGAN+250,ctgan,250,878,0.9935897435897436,0.9285714285714286,1.0,0.9797270955165691,1.0,1.0,142,1,0,13,156,13,8.33,0.2828468562130835,1.4087852413753795e-07,0.9999995947773864,0.09208980191880019
42,25,CTGAN+500,ctgan,500,1128,0.9871794871794872,0.8666666666666667,1.0,0.9607645875251509,1.0,1.0,141,2,0,13,156,13,8.33,0.28929592289250117,2.0881630363959314e-07,0.9999997349698276,0.09803808397191237
123,1,original,none,0,627,0.9936305732484076,1.0,0.9285714285714286,0.9797393212027359,0.9995004995004995,0.9952380952380951,143,0,1,13,157,14,8.92,0.27544094731898244,6.185368572068377e-08,0.9999992740441767,0.08471236244113858
123,1,SMOTE+250,smote,250,877,0.9808917197452229,0.8666666666666667,0.9285714285714286,0.9430127041742287,0.9990009990009989,0.9910714285714285,141,2,1,13,157,14,8.92,0.2846217857465221,1.6379199996580593e-07,0.9999995448875134,0.0961471078325853
123,1,SMOTE+500,smote,500,1127,0.9872611464968153,0.875,1.0,0.9631455399061033,0.9995004995004995,0.9952380952380953,141,2,0,14,157,14,8.92,0.28783063736190106,2.0318167116750164e-07,0.9999996773890066,0.09674593495860592
123,1,CTGAN+250,ctgan,250,877,0.9936305732484076,0.9333333333333333,1.0,0.981004234724743,1.0,0.9999999999999999,142,1,0,14,157,14,8.92,0.28864176532022123,1.5573350396717656e-07,0.9999996447798755,0.09370105624353074
123,1,CTGAN+500,ctgan,500,1127,0.9745222929936306,0.8125,0.9285714285714286,0.9262910798122066,0.9985014985014985,0.9873949579831932,140,3,1,13,157,14,8.92,0.29657942896204276,2.1390440000264322e-07,0.9999997775313823,0.10053974678738195
123,2,original,none,0,627,0.9808917197452229,0.9230769230769231,0.8571428571428571,0.9392179636082074,0.9975024975024975,0.9745225013082155,142,1,2,12,157,14,8.92,0.25967777597766517,6.429406059479363e-08,0.999999492072789,0.07691441773161185
123,2,SMOTE+250,smote,250,877,0.9681528662420382,0.9090909090909091,0.7142857142857143,0.8913494809688581,0.9915084915084915,0.9477367870225013,142,1,4,10,157,14,8.92,0.2573188789354659,1.590146684727024e-07,0.999999663106713,0.07562393799121624
123,2,SMOTE+500,smote,500,1127,0.9745222929936306,0.9166666666666666,0.7857142857142857,0.9161324786324787,0.994005994005994,0.9509835402692546,142,1,3,11,157,14,8.92,0.2615758661348435,2.169461732886207e-07,0.9999997402810563,0.07630383132261497
123,2,CTGAN+250,ctgan,250,877,0.9745222929936306,0.9166666666666666,0.7857142857142857,0.9161324786324787,0.9975024975024975,0.9721956614813757,142,1,3,11,157,14,8.92,0.2592222485689694,1.5472837863227473e-07,0.9999996748369118,0.07541551286339152
123,2,CTGAN+500,ctgan,500,1127,0.9745222929936306,0.9166666666666666,0.7857142857142857,0.9161324786324787,0.9975024975024975,0.9745225013082155,142,1,3,11,157,14,8.92,0.2583709614202276,1.9920499375821362e-07,0.9999997824152791,0.07422964887193567
123,3,original,none,0,627,1.0,1.0,1.0,1.0,1.0,0.9999999999999999,143,0,0,14,157,14,8.92,0.2848068445795803,6.092555925666872e-08,0.9999985411644564,0.08912914317790932
123,3,SMOTE+250,smote,250,877,1.0,1.0,1.0,1.0,1.0,1.0,143,0,0,14,157,14,8.92,0.2847946216554466,1.5259983992424413e-07,0.9999989112106031,0.08919090746846449
123,3,SMOTE+500,smote,500,1127,1.0,1.0,1.0,1.0,1.0,1.0,143,0,0,14,157,14,8.92,0.28491972880313043,1.9898756514348467e-07,0.9999989128256652,0.08932953075728987
123,3,CTGAN+250,ctgan,250,877,1.0,1.0,1.0,1.0,1.0,1.0,143,0,0,14,157,14,8.92,0.2818856279623292,1.491531498614038e-07,0.9999996668026585,0.08813959872345065
123,3,CTGAN+500,ctgan,500,1127,1.0,1.0,1.0,1.0,1.0,0.9999999999999998,143,0,0,14,157,14,8.92,0.2846165181513865,1.9822857899185798e-07,0.9999997561806374,0.08907466835767681
123,4,original,none,0,627,0.9808917197452229,0.9230769230769231,0.8571428571428571,0.9392179636082074,0.9975024975024974,0.9760531135531135,142,1,2,12,157,14,8.92,0.27553677979683106,8.270727985302545e-08,0.9999991019249729,0.08618157950023819
123,4,SMOTE+250,smote,250,877,0.9808917197452229,0.9230769230769231,0.8571428571428571,0.9392179636082074,0.9965034965034965,0.9664242620124972,142,1,2,12,157,14,8.92,0.2752645455516569,1.7423379568207023e-07,0.9999996444039975,0.08494098242076219
123,4,SMOTE+500,smote,500,1127,0.9936305732484076,0.9333333333333333,1.0,0.981004234724743,0.999000999000999,0.9901360544217687,142,1,0,14,157,14,8.92,0.2829915814495692,2.162476916193671e-07,0.9999997033469022,0.09131648044855163
123,4,CTGAN+250,ctgan,250,877,0.9872611464968153,0.9285714285714286,0.9285714285714286,0.9607892107892109,0.9995004995004996,0.9952380952380953,142,1,1,13,157,14,8.92,0.2836134409667842,1.766696375911884e-07,0.9999996405618459,0.09147757965310231
123,4,CTGAN+500,ctgan,500,1127,0.9808917197452229,0.9230769230769231,0.8571428571428571,0.9392179636082074,0.998001998001998,0.981547619047619,142,1,2,12,157,14,8.92,0.2677195815032763,1.8983832573196084e-07,0.9999997624450137,0.08265966465408317
123,5,original,none,0,628,0.9935897435897436,1.0,0.9230769230769231,0.9782578397212544,1.0,1.0,143,0,1,12,156,13,8.33,0.2646967491306456,6.805129413387165e-08,0.9999992683115295,0.07658638675924294
123,5,SMOTE+250,smote,250,878,0.9935897435897436,1.0,0.9230769230769231,0.9782578397212544,1.0,0.9999999999999998,143,0,1,12,156,13,8.33,0.26618837287518193,1.6025913783527793e-07,0.999999559074649,0.07781738281844164
123,5,SMOTE+500,smote,500,1128,0.9935897435897436,1.0,0.9230769230769231,0.9782578397212544,1.0,1.0,143,0,1,12,156,13,8.33,0.26622625097206454,2.0146546757206581e-07,0.9999996897490439,0.07757579564574373
123,5,CTGAN+250,ctgan,250,878,0.9935897435897436,1.0,0.9230769230769231,0.9782578397212544,1.0,0.9999999999999998,143,0,1,12,156,13,8.33,0.26159912072883085,1.3711981270759738e-07,0.9999996699353811,0.07653961983904085
123,5,CTGAN+500,ctgan,500,1128,0.9935897435897436,1.0,0.9230769230769231,0.9782578397212544,1.0,1.0,143,0,1,12,156,13,8.33,0.2662569783646108,2.2872719727720337e-07,0.9999997294125768,0.07729272851326631
123,6,original,none,0,627,0.9872611464968153,0.875,1.0,0.9631455399061033,0.999000999000999,0.9910714285714286,141,2,0,14,157,14,8.92,0.2956122707694099,5.559566881936432e-08,0.9999994890363297,0.09898200473059335
123,6,SMOTE+250,smote,250,877,0.9808917197452229,0.8235294117647058,1.0,0.946312549868916,0.9995004995004995,0.9952380952380953,140,3,0,14,157,14,8.92,0.30274599976318733,1.366593173478037e-07,0.9999996451377011,0.1049448558738368
123,6,SMOTE+500,smote,500,1127,0.9808917197452229,0.8235294117647058,1.0,0.946312549868916,0.9995004995004995,0.9952380952380953,140,3,0,14,157,14,8.92,0.29898892860811455,1.911698571350162e-07,0.9999997310652385,0.10348131026333987
123,6,CTGAN+250,ctgan,250,877,0.9872611464968153,0.875,1.0,0.9631455399061033,1.0,0.9999999999999999,141,2,0,14,157,14,8.92,0.29760206450182325,1.5032364775606953e-07,0.99999960074676,0.10031439756408472
123,6,CTGAN+500,ctgan,500,1127,0.9872611464968153,0.875,1.0,0.9631455399061033,1.0,0.9999999999999999,141,2,0,14,157,14,8.92,0.2956250718028138,1.943332149399421e-07,0.9999997664495762,0.0993345606181664
123,7,original,none,0,627,0.9936305732484076,1.0,0.9285714285714286,0.9797393212027359,1.0,0.9999999999999999,143,0,1,13,157,14,8.92,0.27709577596786217,4.2989392918009327e-08,0.9999989237480081,0.08576059973807947
123,7,SMOTE+250,smote,250,877,0.9936305732484076,1.0,0.9285714285714286,0.9797393212027359,1.0,0.9999999999999999,143,0,1,13,157,14,8.92,0.2769483815171332,1.4420704978088487e-07,0.999999579691455,0.0859621569024682
123,7,SMOTE+500,smote,500,1127,1.0,1.0,1.0,1.0,1.0,0.9999999999999999,143,0,0,14,157,14,8.92,0.27795005438622505,2.0648368422576875e-07,0.9999997420107964,0.08666783353214658
123,7,CTGAN+250,ctgan,250,877,0.9936305732484076,0.9333333333333333,1.0,0.981004234724743,1.0,0.9999999999999999,142,1,0,14,157,14,8.92,0.29258596432849054,1.4910153979944365e-07,0.9999997077593735,0.09509218408985981
123,7,CTGAN+500,ctgan,500,1127,0.9936305732484076,0.9333333333333333,1.0,0.981004234724743,1.0,0.9999999999999999,142,1,0,14,157,14,8.92,0.2810977981956715,2.0660199864157545e-07,0.9999997649361627,0.09023838576061032
123,8,original,none,0,627,0.9872611464968153,1.0,0.8571428571428571,0.9580662393162394,0.9975024975024975,0.981203007518797,143,0,2,12,157,14,8.92,0.25855219249215255,7.916119436041108e-08,0.9999991134952239,0.07431135546419772
123,8,SMOTE+250,smote,250,877,0.9936305732484076,1.0,0.9285714285714286,0.9797393212027359,0.989010989010989,0.9563492063492063,143,0,1,13,157,14,8.92,0.2670960169506942,1.6904692520985523e-07,0.999999510700369,0.07987678889097176
123,8,SMOTE+500,smote,500,1127,0.9872611464968153,1.0,0.8571428571428571,0.9580662393162394,0.9920079920079921,0.9619047619047618,143,0,2,12,157,14,8.92,0.2617044960446776,2.3028361975476008e-07,0.9999996727473374,0.07537814655659365
123,8,CTGAN+250,ctgan,250,877,0.9808917197452229,1.0,0.7857142857142857,0.9348096885813149,0.9950049950049951,0.9702380952380951,143,0,3,11,157,14,8.92,0.25553843211612276,1.441927738615923e-07,0.999999700561697,0.0757538645824519
123,8,CTGAN+500,ctgan,500,1127,0.9872611464968153,1.0,0.8571428571428571,0.9580662393162394,0.9995004995004995,0.9952380952380951,143,0,2,12,157,14,8.92,0.26712369917180667,1.9170420428053803e-07,0.9999996252551112,0.07977376107278934
123,9,original,none,0,627,1.0,1.0,1.0,1.0,1.0,1.0,143,0,0,14,157,14,8.92,0.28055289926986643,6.101341395536205e-08,0.9999990571237987,0.08771967269334921
123,9,SMOTE+250,smote,250,877,1.0,1.0,1.0,1.0,1.0,0.9999999999999999,143,0,0,14,157,14,8.92,0.2831246587848247,1.546250353238702e-07,0.999999556346398,0.08874863213194276
123,9,SMOTE+500,smote,500,1127,1.0,1.0,1.0,1.0,1.0,0.9999999999999999,143,0,0,14,157,14,8.92,0.2845559610275113,2.1692284812817085e-07,0.9999996926919453,0.08908969598928702
123,9,CTGAN+250,ctgan,250,877,1.0,1.0,1.0,1.0,1.0,1.0,143,0,0,14,157,14,8.92,0.28383243324370405,1.5123481250586753e-07,0.9999996614554214,0.08884595017086744
123,9,CTGAN+500,ctgan,500,1127,0.9936305732484076,1.0,0.9285714285714286,0.9797393212027359,1.0,0.9999999999999999,143,0,1,13,157,14,8.92,0.26894565399742165,1.9455918158974625e-07,0.999999693388865,0.08180151164104511
123,10,original,none,0,628,0.9935897435897436,1.0,0.9230769230769231,0.9782578397212544,1.0,0.9999999999999998,143,0,1,12,156,13,8.33,0.2662170596405578,5.6083685879856443e-08,0.9999992702405726,0.07757330378900758
123,10,SMOTE+250,smote,250,878,0.9935897435897436,1.0,0.9230769230769231,0.9782578397212544,0.9994620763851534,0.9945054945054943,143,0,1,12,156,13,8.33,0.26697076305044665,1.7066891140906858e-07,0.9999995946882958,0.07942791395147154
123,10,SMOTE+500,smote,500,1128,0.9935897435897436,1.0,0.9230769230769231,0.9782578397212544,1.0,0.9999999999999998,143,0,1,12,156,13,8.33,0.2663697864740807,2.2950230231841686e-07,0.999999639239127,0.07748749724843937
123,10,CTGAN+250,ctgan,250,878,0.9935897435897436,1.0,0.9230769230769231,0.9782578397212544,0.9994620763851533,0.9945054945054943,143,0,1,12,156,13,8.33,0.26593360490680595,1.531911961304509e-07,0.9999996591189121,0.07918838878534704
123,10,CTGAN+500,ctgan,500,1128,0.9935897435897436,1.0,0.9230769230769231,0.9782578397212544,0.9994620763851533,0.9945054945054943,143,0,1,12,156,13,8.33,0.2663032266473116,2.322525955996062e-07,0.9999997537776613,0.07785717549387253
123,11,original,none,0,627,0.9872611464968153,1.0,0.8571428571428571,0.9580662393162394,0.8771228771228771,0.8712698583082867,143,0,2,12,157,14,8.92,0.2652010262621838,6.402138238288382e-08,0.999998980112874,0.07632738291791112
123,11,SMOTE+250,smote,250,877,0.9872611464968153,1.0,0.8571428571428571,0.9580662393162394,0.9625374625374625,0.8951863354037266,143,0,2,12,157,14,8.92,0.2655289378962343,1.8010926716261635e-07,0.9999995865192917,0.07638955398079648
123,11,SMOTE+500,smote,500,1127,0.9872611464968153,1.0,0.8571428571428571,0.9580662393162394,0.969030969030969,0.9004689754689754,143,0,2,12,157,14,8.92,0.2652457523506876,2.9703616720102134e-07,0.9999996698652716,0.07630984652592082
123,11,CTGAN+250,ctgan,250,877,0.9808917197452229,0.9230769230769231,0.8571428571428571,0.9392179636082074,0.9855144855144855,0.9270833333333333,142,1,2,12,157,14,8.92,0.2716181545370142,1.5896116440321884e-07,0.999999637657342,0.08147348341774337
123,11,CTGAN+500,ctgan,500,1127,0.9808917197452229,0.9230769230769231,0.8571428571428571,0.9392179636082074,0.9785214785214784,0.927960927960928,142,1,2,12,157,14,8.92,0.2701553606806599,1.978574791008131e-07,0.9999997458440584,0.08087767952865639
123,12,original,none,0,627,0.9681528662420382,1.0,0.6428571428571429,0.8827132825339907,0.999000999000999,0.9910714285714284,143,0,5,9,157,14,8.92,0.23165197516553904,6.932512736699536e-08,0.9999994305232515,0.06000078378531195
123,12,SMOTE+250,smote,250,877,0.9681528662420382,1.0,0.6428571428571429,0.8827132825339907,0.996003996003996,0.9710884353741496,143,0,5,9,157,14,8.92,0.23271975528077374,1.965088375206568e-07,0.9999995120564485,0.059770125890700014
123,12,SMOTE+500,smote,500,1127,0.9745222929936306,1.0,0.7142857142857143,0.9097701149425288,0.987012987012987,0.9442906717342807,143,0,4,10,157,14,8.92,0.24212073347735108,2.542613430156372e-07,0.9999996117514349,0.06371291060489315
123,12,CTGAN+250,ctgan,250,877,0.9681528662420382,1.0,0.6428571428571429,0.8827132825339907,0.994005994005994,0.9515606242496999,143,0,5,9,157,14,8.92,0.2332920402505055,1.4828293910108575e-07,0.9999997506999534,0.060805987182687364
123,12,CTGAN+500,ctgan,500,1127,0.9617834394904459,1.0,0.5714285714285714,0.8533623910336239,0.997002997002997,0.9785714285714284,143,0,6,8,157,14,8.92,0.22173350686063667,2.2212004678300542e-07,0.9999997497659219,0.055845103720035615
123,13,original,none,0,627,0.9872611464968153,0.9285714285714286,0.9285714285714286,0.9607892107892109,0.9985014985014984,0.9873949579831932,142,1,1,13,157,14,8.92,0.2851715937040751,9.564560661566915e-08,0.9999984103898765,0.09134545900957629
123,13,SMOTE+250,smote,250,877,0.9872611464968153,0.9285714285714286,0.9285714285714286,0.9607892107892109,0.9990009990009989,0.9910714285714285,142,1,1,13,157,14,8.92,0.28387520219055573,1.7753356359053322e-07,0.9999996010261547,0.09089839147188565
123,13,SMOTE+500,smote,500,1127,0.9872611464968153,0.9285714285714286,0.9285714285714286,0.9607892107892109,0.9995004995004996,0.9952380952380953,142,1,1,13,157,14,8.92,0.28476840759578326,2.1579746409708032e-07,0.9999997310273514,0.0903793298647356
123,13,CTGAN+250,ctgan,250,877,0.9872611464968153,0.9285714285714286,0.9285714285714286,0.9607892107892109,0.999000999000999,0.9910714285714285,142,1,1,13,157,14,8.92,0.2829881723280664,1.443659526051345e-07,0.99999934966621,0.09036860616293012
123,13,CTGAN+500,ctgan,500,1127,0.9872611464968153,0.9285714285714286,0.9285714285714286,0.9607892107892109,0.999000999000999,0.9910714285714285,142,1,1,13,157,14,8.92,0.27930396149363296,2.341899919479391e-07,0.9999997716306595,0.09068764265052819
123,14,original,none,0,627,0.9936305732484076,0.9333333333333333,1.0,0.981004234724743,1.0,0.9999999999999999,142,1,0,14,157,14,8.92,0.29100193894596943,5.558931242235083e-08,0.9999989688937634,0.0946141647528156
123,14,SMOTE+250,smote,250,877,0.9936305732484076,0.9333333333333333,1.0,0.981004234724743,1.0,0.9999999999999999,142,1,0,14,157,14,8.92,0.29427799114073333,1.651248109253466e-07,0.9999995704197548,0.09860118054148813
123,14,SMOTE+500,smote,500,1127,0.9936305732484076,0.9333333333333333,1.0,0.981004234724743,1.0,0.9999999999999999,142,1,0,14,157,14,8.92,0.29320992540074536,2.1261636120944416e-07,0.9999997121945559,0.09644438144643322
123,14,CTGAN+250,ctgan,250,877,1.0,1.0,1.0,1.0,1.0,1.0,143,0,0,14,157,14,8.92,0.28181550781837916,1.3275218204459787e-07,0.9999994310215166,0.09067045653803264
123,14,CTGAN+500,ctgan,500,1127,0.9936305732484076,0.9333333333333333,1.0,0.981004234724743,1.0,1.0,142,1,0,14,157,14,8.92,0.2936759742798577,2.1714093235159164e-07,0.9999997361687575,0.09633809507699714
123,15,original,none,0,628,0.9871794871794872,1.0,0.8461538461538461,0.9548611111111112,1.0,1.0,143,0,2,11,156,13,8.33,0.2559631925882469,5.616458305665027e-08,0.9999988921359863,0.07145542662852698
123,15,SMOTE+250,smote,250,878,0.9871794871794872,1.0,0.8461538461538461,0.9548611111111112,1.0,0.9999999999999998,143,0,2,11,156,13,8.33,0.2585173350989365,1.7637403255565946e-07,0.9999995044607584,0.07574204254363048
123,15,SMOTE+500,smote,500,1128,0.9871794871794872,1.0,0.8461538461538461,0.9548611111111112,0.9989241527703066,0.9885883347421807,143,0,2,11,156,13,8.33,0.2558410723642128,2.0458235810101974e-07,0.9999996841560069,0.07152650643159185
123,15,CTGAN+250,ctgan,250,878,0.9935897435897436,1.0,0.9230769230769231,0.9782578397212544,1.0,1.0,143,0,1,12,156,13,8.33,0.2616153999118568,1.3938832147476067e-07,0.9999997155273591,0.07759308417992844
123,15,CTGAN+500,ctgan,500,1128,0.9871794871794872,1.0,0.8461538461538461,0.9548611111111112,1.0,1.0,143,0,2,11,156,13,8.33,0.25585216909978886,1.875553731852713e-07,0.999999770982509,0.07226014437967848
123,16,original,none,0,627,0.9872611464968153,1.0,0.8571428571428571,0.9580662393162394,1.0,0.9999999999999998,143,0,2,12,157,14,8.92,0.26670721953734167,6.005260936520017e-08,0.9999988500733624,0.07902783324830431
123,16,SMOTE+250,smote,250,877,0.9936305732484076,1.0,0.9285714285714286,0.9797393212027359,1.0,0.9999999999999998,143,0,1,13,157,14,8.92,0.2717777603241007,1.5267410888012565e-07,0.9999995995374757,0.08179057621268837
123,16,SMOTE+500,smote,500,1127,0.9936305732484076,1.0,0.9285714285714286,0.9797393212027359,1.0,0.9999999999999998,143,0,1,13,157,14,8.92,0.27458701714804423,2.2055210092018678e-07,0.9999997285218769,0.08310763133199825
123,16,CTGAN+250,ctgan,250,877,1.0,1.0,1.0,1.0,1.0,0.9999999999999999,143,0,0,14,157,14,8.92,0.27276032933150196,1.4466612295201977e-07,0.9999996960636752,0.08481003744407524
123,16,CTGAN+500,ctgan,500,1127,0.9936305732484076,1.0,0.9285714285714286,0.9797393212027359,1.0,0.9999999999999999,143,0,1,13,157,14,8.92,0.27059289473491466,1.891489490131517e-07,0.9999997741861234,0.08288711183048623
123,17,original,none,0,627,1.0,1.0,1.0,1.0,1.0,1.0,143,0,0,14,157,14,8.92,0.28061469327178395,7.051297001891795e-08,0.9999990856938534,0.08843478873936768
123,17,SMOTE+250,smote,250,877,1.0,1.0,1.0,1.0,1.0,0.9999999999999999,143,0,0,14,157,14,8.92,0.2848158377875192,1.5393386114172953e-07,0.9999995579573342,0.09046203398187935
123,17,SMOTE+500,smote,500,1127,0.9936305732484076,0.9333333333333333,1.0,0.981004234724743,1.0,0.9999999999999999,142,1,0,14,157,14,8.92,0.28731311241616553,2.0734099950144853e-07,0.9999997510279319,0.09365835245457457
123,17,CTGAN+250,ctgan,250,877,0.9936305732484076,1.0,0.9285714285714286,0.9797393212027359,1.0,0.9999999999999999,143,0,1,13,157,14,8.92,0.2748959954093926,1.6410101299922448e-07,0.9999997222860125,0.08454931960636147
123,17,CTGAN+500,ctgan,500,1127,0.9936305732484076,0.9333333333333333,1.0,0.981004234724743,0.9990009990009989,0.9901360544217687,142,1,0,14,157,14,8.92,0.2882375552879269,2.1753287655196843e-07,0.9999997733704372,0.09357679366362438
123,18,original,none,0,627,0.9872611464968153,0.875,1.0,0.9631455399061033,1.0,0.9999999999999999,141,2,0,14,157,14,8.92,0.3022099425846745,5.06214822471996e-08,0.9999990504442723,0.10181792752351788
123,18,SMOTE+250,smote,250,877,0.9872611464968153,0.875,1.0,0.9631455399061033,0.999000999000999,0.9910714285714285,141,2,0,14,157,14,8.92,0.3023786347888309,1.4396332724415206e-07,0.9999995658161194,0.10187375037361837
123,18,SMOTE+500,smote,500,1127,0.9872611464968153,0.875,1.0,0.9631455399061033,0.9995004995004995,0.9952380952380953,141,2,0,14,157,14,8.92,0.3023875819301359,2.3291396442716779e-07,0.9999997173046904,0.10187976661205561
123,18,CTGAN+250,ctgan,250,877,0.9872611464968153,0.875,1.0,0.9631455399061033,0.9995004995004995,0.9952380952380951,141,2,0,14,157,14,8.92,0.2959210738735688,1.4965264250732813e-07,0.9999996704848859,0.09899806433657041
123,18,CTGAN+500,ctgan,500,1127,0.9936305732484076,0.9333333333333333,1.0,0.981004234724743,1.0,0.9999999999999999,142,1,0,14,157,14,8.92,0.29453309274534223,2.147622824738894e-07,0.9999997483494016,0.09807437175833997
123,19,original,none,0,627,0.9936305732484076,1.0,0.9285714285714286,0.9797393212027359,1.0,0.9999999999999999,143,0,1,13,157,14,8.92,0.2755144661814537,5.505479169707973e-08,0.9999990980747843,0.08294807052099562
123,19,SMOTE+250,smote,250,877,0.9936305732484076,1.0,0.9285714285714286,0.9797393212027359,1.0,1.0,143,0,1,13,157,14,8.92,0.27548085817766405,1.6829704367154721e-07,0.9999996403518138,0.08320397551120713
123,19,SMOTE+500,smote,500,1127,0.9936305732484076,1.0,0.9285714285714286,0.9797393212027359,1.0,1.0,143,0,1,13,157,14,8.92,0.27544951764610426,2.3996694194155734e-07,0.9999997364836285,0.08339467395927905
123,19,CTGAN+250,ctgan,250,877,0.9936305732484076,1.0,0.9285714285714286,0.9797393212027359,0.9995004995004995,0.9952380952380953,143,0,1,13,157,14,8.92,0.27551801027397693,1.5664524719869268e-07,0.9999996593225043,0.08303999755645332
123,19,CTGAN+500,ctgan,500,1127,0.9936305732484076,1.0,0.9285714285714286,0.9797393212027359,1.0,0.9999999999999999,143,0,1,13,157,14,8.92,0.27617081848009956,1.945574291732443e-07,0.9999997065556321,0.0853814254672063
123,20,original,none,0,628,0.9935897435897436,1.0,0.9230769230769231,0.9782578397212544,0.994620763851533,0.9665551839464881,143,0,1,12,156,13,8.33,0.26066798655329093,6.689779484929915e-08,0.9999986532079403,0.07604963593122156
123,20,SMOTE+250,smote,250,878,0.9935897435897436,1.0,0.9230769230769231,0.9782578397212544,0.9870898332436795,0.9501039501039501,143,0,1,12,156,13,8.33,0.2622994106607704,1.478611144211174e-07,0.9999994635887439,0.0775139441386585
123,20,SMOTE+500,smote,500,1128,0.9871794871794872,1.0,0.8461538461538461,0.9548611111111112,0.9924690693921463,0.9556213017751478,143,0,2,11,156,13,8.33,0.2580812567638004,2.0864394502261444e-07,0.9999996091639212,0.07581115433701469
123,20,CTGAN+250,ctgan,250,878,0.9871794871794872,1.0,0.8461538461538461,0.9548611111111112,0.9983862291554599,0.9855769230769231,143,0,2,11,156,13,8.33,0.2578108051446621,1.5683512156250085e-07,0.9999995283799611,0.07347000868269152
123,20,CTGAN+500,ctgan,500,1128,0.9935897435897436,1.0,0.9230769230769231,0.9782578397212544,0.9994620763851533,0.9945054945054943,143,0,1,12,156,13,8.33,0.26569056613509284,2.020834815904171e-07,0.9999997875148622,0.07681167979928435
123,21,original,none,0,627,1.0,1.0,1.0,1.0,1.0,1.0,143,0,0,14,157,14,8.92,0.2849810612157961,5.440482940067483e-08,0.9999992519288688,0.0891771058200115
123,21,SMOTE+250,smote,250,877,1.0,1.0,1.0,1.0,1.0,1.0,143,0,0,14,157,14,8.92,0.28497721051415137,1.3798360752260033e-07,0.9999996251870354,0.08920518437069164
123,21,SMOTE+500,smote,500,1127,1.0,1.0,1.0,1.0,1.0,0.9999999999999999,143,0,0,14,157,14,8.92,0.28496650407518076,2.26947560549443e-07,0.9999997416010512,0.08921184191120621
123,21,CTGAN+250,ctgan,250,877,1.0,1.0,1.0,1.0,1.0,1.0,143,0,0,14,157,14,8.92,0.28498260723143365,1.5012082508186748e-07,0.9999996740182421,0.08919677941175834
123,21,CTGAN+500,ctgan,500,1127,1.0,1.0,1.0,1.0,1.0,1.0,143,0,0,14,157,14,8.92,0.28498700149863165,1.943490135357719e-07,0.9999997276982213,0.08918430877012978
123,22,original,none,0,627,0.9808917197452229,1.0,0.7857142857142857,0.9348096885813149,0.9960039960039959,0.9679748822605965,143,0,3,11,157,14,8.92,0.25529224273153256,7.056469758807394e-08,0.9999988151180386,0.07236382243313977
123,22,SMOTE+250,smote,250,877,0.9808917197452229,0.9230769230769231,0.8571428571428571,0.9392179636082074,0.997002997002997,0.9746031746031745,142,1,2,12,157,14,8.92,0.27705092068238746,1.8839199331273424e-07,0.9999994205598903,0.08939114569076914
123,22,SMOTE+500,smote,500,1127,0.9745222929936306,0.8571428571428571,0.8571428571428571,0.9215784215784215,0.9885114885114885,0.9445903361344536,141,2,2,12,157,14,8.92,0.28000140167442195,2.8141638761601584e-07,0.9999996214162444,0.09002802841758979
123,22,CTGAN+250,ctgan,250,877,0.9872611464968153,1.0,0.8571428571428571,0.9580662393162394,0.9950049950049951,0.9702380952380951,143,0,2,12,157,14,8.92,0.26487348532914595,1.6604983524949593e-07,0.9999996952374158,0.07783809244522157
123,22,CTGAN+500,ctgan,500,1127,0.9808917197452229,0.9230769230769231,0.8571428571428571,0.9392179636082074,0.9980019980019981,0.9822929171668666,142,1,2,12,157,14,8.92,0.2691997942953736,2.0829049134914757e-07,0.9999996863779668,0.08320763837607667
123,23,original,none,0,627,0.9872611464968153,0.875,1.0,0.9631455399061033,0.9985014985014985,0.9859693877551019,141,2,0,14,157,14,8.92,0.29909774905122966,7.22210729505154e-08,0.9999994623872676,0.10129567922116377
123,23,SMOTE+250,smote,250,877,0.9872611464968153,0.875,1.0,0.9631455399061033,0.9985014985014985,0.985969387755102,141,2,0,14,157,14,8.92,0.300636685563443,1.572296907156363e-07,0.9999996106669508,0.10165470420337433
123,23,SMOTE+500,smote,500,1127,0.9872611464968153,0.875,1.0,0.9631455399061033,0.999000999000999,0.9901360544217687,141,2,0,14,157,14,8.92,0.3010393817680732,2.1124880470079275e-07,0.9999996576898978,0.10154725084586315
123,23,CTGAN+250,ctgan,250,877,0.9936305732484076,0.9333333333333333,1.0,0.981004234724743,0.9995004995004995,0.995238095238095,142,1,0,14,157,14,8.92,0.2866100941855683,1.6727677423177285e-07,0.9999996917769869,0.09367448175694734
123,23,CTGAN+500,ctgan,500,1127,0.9936305732484076,0.9333333333333333,1.0,0.981004234724743,0.9995004995004995,0.995238095238095,142,1,0,14,157,14,8.92,0.29163507897425767,2.035428191693359e-07,0.9999996932420787,0.09538237344060736
123,24,original,none,0,627,0.9808917197452229,0.9230769230769231,0.8571428571428571,0.9392179636082074,0.999000999000999,0.9901360544217687,142,1,2,12,157,14,8.92,0.2688303566906479,7.19649277530098e-08,0.9999987351393556,0.08326191255633912
123,24,SMOTE+250,smote,250,877,0.9936305732484076,1.0,0.9285714285714286,0.9797393212027359,1.0,1.0,143,0,1,13,157,14,8.92,0.2713562136145161,1.5599156487146963e-07,0.9999996168997249,0.08173399214035211
123,24,SMOTE+500,smote,500,1127,0.9936305732484076,1.0,0.9285714285714286,0.9797393212027359,1.0,0.9999999999999998,143,0,1,13,157,14,8.92,0.2707640414001082,2.2905803579859098e-07,0.9999997445739346,0.08220161888473874
123,24,CTGAN+250,ctgan,250,877,1.0,1.0,1.0,1.0,1.0,0.9999999999999999,143,0,0,14,157,14,8.92,0.27051527751583554,1.4952760705495898e-07,0.9999996741993649,0.08416341394178359
123,24,CTGAN+500,ctgan,500,1127,1.0,1.0,1.0,1.0,1.0,1.0,143,0,0,14,157,14,8.92,0.2738716956158833,2.0392437634319663e-07,0.9999997640195217,0.08814102450186764
123,25,original,none,0,628,1.0,1.0,1.0,1.0,1.0,1.0,143,0,0,13,156,13,8.33,0.26994572267736394,6.993748959172049e-08,0.9999986635419289,0.08116585974544832
123,25,SMOTE+250,smote,250,878,1.0,1.0,1.0,1.0,1.0,1.0,143,0,0,13,156,13,8.33,0.27598663155629627,1.5723213289419676e-07,0.9999994706453594,0.08359899440655355
123,25,SMOTE+500,smote,500,1128,1.0,1.0,1.0,1.0,1.0,1.0,143,0,0,13,156,13,8.33,0.2755484553147873,2.0916354371506925e-07,0.9999997381430168,0.08387224126881794
123,25,CTGAN+250,ctgan,250,878,1.0,1.0,1.0,1.0,1.0,1.0,143,0,0,13,156,13,8.33,0.2680059565929658,1.3900373098636115e-07,0.9999996502983644,0.08071790753252395
123,25,CTGAN+500,ctgan,500,1128,1.0,1.0,1.0,1.0,1.0,1.0,143,0,0,13,156,13,8.33,0.27368572705283833,1.992328681784817e-07,0.9999997689749885,0.08275814707751979
