geographic_zone,school_type,gender,age_at_start_of_academic_year,class_level,grade_repetition_count,term_1_attendance,term_2_attendance,english_exam_score,math_exam_score,science_exam_score,social_studies_exam_score,average_exam_score,grade_repetition_count_missing,attendance_risk_index,dropout_label
0,1,0,13.0,3,0.0,82.0,85.0,76.0,75.0,72.0,80.0,75.75,0,0.16200000000000003,0
1,1,0,10.0,1,0.0,92.0,85.0,69.0,57.0,68.0,68.0,65.5,0,0.122,0
1,1,0,13.0,4,0.0,86.0,99.0,68.0,58.0,62.0,86.0,68.5,0,0.06200000000000001,0
0,0,0,14.0,3,0.0,85.0,77.0,60.0,56.0,48.0,53.0,54.25,0,0.198,0
1,1,0,12.0,2,0.0,82.1,73.9,66.0,90.3,69.1,52.5,69.475,0,0.22819999999999996,0
1,1,1,8.0,1,0.0,78.0,74.0,66.0,74.0,70.0,74.0,71.0,0,0.244,0
0,1,0,10.7,3,0.0,81.6,78.1,80.4,74.3,55.0,81.9,72.9,1,0.20500000000000007,0
1,1,0,12.0,3,0.0,87.0,93.0,94.0,54.0,54.0,61.0,65.75,0,0.09399999999999997,0
0,1,0,12.8,3,0.0,79.4,77.3,66.3,76.0,64.6,77.6,71.125,0,0.21859999999999996,0
1,1,1,6.0,0,0.0,88.0,92.0,94.0,73.0,61.0,62.0,72.5,0,0.09599999999999997,0
0,0,0,14.5,4,0.0,77.5,77.6,53.2,62.8,60.6,55.4,58.0,0,0.22440000000000004,0
0,0,0,13.0,4,0.0,80.0,81.0,67.0,61.0,56.0,67.0,62.75,0,0.19399999999999995,0
0,1,0,13.0,2,0.0,74.0,70.0,58.0,57.0,63.0,63.0,60.25,0,0.28400000000000003,0
0,1,1,10.0,4,0.0,83.0,85.0,79.0,62.0,60.0,74.0,68.75,0,0.15800000000000003,0
1,1,0,13.0,4,0.0,88.0,97.0,83.0,90.0,88.0,88.0,87.25,0,0.06600000000000002,0
1,1,1,13.3,2,0.0,79.3,88.0,65.5,61.9,69.7,65.3,65.60000000000001,1,0.15480000000000005,0
1,1,1,13.0,4,0.0,96.0,93.0,93.0,48.0,50.0,96.0,71.75,0,0.05799999999999998,0
1,1,0,12.0,2,0.0,95.0,89.0,76.0,56.0,52.0,75.0,64.75,0,0.08600000000000001,0
0,1,0,15.0,4,1.0,73.0,73.0,59.0,63.0,56.0,63.0,60.25,0,0.27,0
1,1,0,13.0,4,0.0,88.0,94.0,88.0,72.0,81.0,88.0,82.25,0,0.08400000000000003,0
1,1,0,8.0,1,1.0,94.0,97.0,89.0,40.0,54.0,46.0,57.25,0,0.04200000000000004,0
0,1,1,11.4,4,0.0,81.7,71.8,82.7,88.6,53.6,75.8,75.175,1,0.2424,0
0,0,1,15.0,4,0.0,88.0,88.0,61.0,67.0,67.0,67.0,65.5,0,0.12,0
0,0,1,14.0,4,2.0,64.0,65.0,60.0,60.0,60.0,55.0,58.75,0,0.354,1
1,1,1,8.0,1,0.0,95.0,98.0,61.0,57.0,80.0,89.0,71.75,0,0.03200000000000003,0
0,1,1,12.0,4,0.0,90.0,85.0,85.0,70.0,80.0,70.0,76.25,0,0.13,0
0,1,0,13.7,4,0.0,80.9,91.2,57.9,60.5,59.3,52.6,57.575,1,0.12919999999999995,0
1,1,0,12.0,2,1.0,93.0,92.0,84.0,54.0,94.0,95.0,81.75,0,0.07599999999999996,0
1,1,0,11.0,1,0.0,78.6,77.3,70.1,69.7,77.5,72.1,72.35,1,0.22180000000000002,0
1,1,0,11.0,1,0.0,89.0,81.0,95.0,69.0,69.0,69.0,75.5,0,0.15799999999999997,0
1,1,0,13.0,4,1.0,78.0,83.0,71.0,63.0,70.0,68.0,68.0,0,0.19,0
0,1,1,13.0,3,0.0,88.0,93.0,75.0,75.0,69.0,69.0,72.0,0,0.08999999999999997,0
1,1,1,13.0,4,0.0,96.0,87.0,86.0,95.0,66.0,71.0,79.5,0,0.09400000000000001,0
0,1,1,11.0,3,0.0,84.0,77.0,74.0,55.0,75.0,60.0,66.0,0,0.202,0
0,1,0,10.2,3,0.0,81.9,92.3,86.2,40.0,76.2,70.9,68.325,1,0.11860000000000001,0
0,1,0,14.0,4,0.0,84.0,85.0,79.0,80.0,84.0,85.0,82.0,0,0.15400000000000003,0
0,1,1,13.0,3,0.0,89.0,89.0,84.0,88.0,86.0,84.0,85.5,0,0.10999999999999999,0
1,1,0,12.0,1,2.0,84.0,97.0,66.0,82.0,64.0,49.0,65.25,0,0.08200000000000003,0
1,1,0,13.0,4,0.0,88.0,87.0,56.0,49.0,90.0,56.0,62.75,0,0.126,0
1,1,1,13.0,3,0.0,92.0,90.0,87.0,73.0,80.0,86.0,81.5,0,0.09199999999999997,0
0,1,0,12.5,2,0.0,73.9,69.9,55.0,56.7,63.6,59.5,58.7,1,0.2849999999999999,0
0,1,1,11.4,4,0.0,82.4,80.8,70.1,77.4,74.7,62.0,71.05,0,0.1856,0
0,1,1,11.2,3,0.0,77.0,88.0,58.7,61.5,73.9,62.9,64.25,1,0.16399999999999998,0
0,1,1,10.0,4,0.0,81.0,81.0,64.0,77.0,74.0,60.0,68.75,0,0.18999999999999995,0
0,1,0,12.5,4,0.0,77.2,87.6,77.9,60.6,75.7,64.1,69.57499999999999,0,0.16560000000000008,0
1,1,1,8.0,1,0.0,75.0,79.0,66.0,66.0,71.0,65.0,67.0,0,0.22599999999999998,0
0,1,0,12.3,3,0.0,88.9,81.7,68.8,62.6,73.3,70.0,68.675,0,0.15419999999999995,0
1,1,0,13.0,4,1.0,94.0,95.0,68.0,84.0,67.0,78.0,74.25,0,0.05400000000000005,0
0,1,1,9.1,0,0.0,75.0,77.7,63.3,67.3,53.2,57.4,60.3,1,0.23379999999999998,0
1,1,1,12.0,3,0.0,94.0,94.0,69.0,45.0,71.0,72.0,64.25,0,0.06000000000000005,0
1,1,1,13.0,4,0.0,91.0,98.0,63.0,47.0,91.0,91.0,73.0,0,0.048,0
1,1,1,12.0,3,2.0,85.0,97.0,54.0,64.0,65.0,58.0,60.25,0,0.07800000000000003,0
1,1,0,6.0,0,0.0,85.0,87.0,68.0,57.0,57.0,63.0,61.25,0,0.138,0
1,1,0,10.0,1,0.0,92.0,85.0,69.0,57.0,68.0,68.0,65.5,0,0.122,0
1,1,0,12.0,3,0.0,92.0,93.0,91.0,63.0,76.0,77.0,76.75,0,0.07399999999999995,0
0,0,0,13.0,3,0.0,90.0,91.0,69.0,79.0,68.0,70.0,71.5,0,0.09399999999999997,0
1,1,1,7.0,0,0.0,75.4,71.0,62.2,67.1,66.2,53.4,62.225,0,0.27240000000000003,0
1,1,1,7.0,1,0.0,95.0,98.0,61.0,57.0,80.0,89.0,71.75,0,0.03200000000000003,0
0,0,1,13.3,4,0.0,86.4,89.6,62.2,58.5,59.6,64.5,61.2,1,0.11680000000000001,0
1,1,0,13.0,4,0.0,98.0,92.0,84.0,84.0,54.0,54.0,69.0,0,0.05599999999999998,0
0,0,1,13.0,4,0.0,78.0,81.0,75.0,68.0,76.0,73.0,73.0,0,0.20199999999999996,0
1,1,0,10.0,1,0.0,79.0,87.0,71.0,71.0,64.0,61.0,66.75,0,0.16199999999999998,0
1,1,0,12.0,2,0.0,90.0,99.0,52.0,50.0,92.0,90.0,71.0,0,0.046,0
1,1,0,13.0,3,1.0,84.0,90.0,79.0,76.0,82.0,84.0,80.25,0,0.124,0
1,1,0,12.0,2,0.0,93.0,91.0,92.0,73.0,94.0,69.0,82.0,0,0.08199999999999996,0
1,1,1,13.0,4,0.0,89.0,87.0,87.0,47.0,64.0,89.0,71.75,0,0.122,0
0,1,0,12.0,2,0.0,87.0,86.0,73.0,75.0,76.0,79.0,75.75,0,0.136,0
0,0,0,13.0,4,0.0,73.0,82.0,61.0,56.0,58.0,59.0,58.5,0,0.21600000000000003,0
1,1,1,10.0,1,2.0,20.0,37.0,25.0,17.0,32.0,30.0,26.0,0,0.6980000000000001,1
1,1,1,6.0,0,2.0,20.0,37.0,36.0,22.0,57.0,77.0,48.0,0,0.6980000000000001,1
0,0,1,12.0,3,0.0,82.0,86.0,73.0,68.0,69.0,72.0,70.5,0,0.15600000000000003,0
1,1,0,10.1,1,0.0,81.4,82.1,69.3,66.0,76.7,85.0,74.25,1,0.18180000000000002,0
0,1,0,13.7,4,0.0,82.7,84.3,62.6,74.2,71.9,68.7,69.35000000000001,0,0.1634,0
0,1,1,12.0,3,2.0,69.0,69.0,55.0,56.0,55.0,50.0,54.0,0,0.31000000000000005,0
1,1,0,12.0,3,0.0,93.0,90.0,63.0,90.0,58.0,50.0,65.25,0,0.08799999999999997,0
1,1,1,12.0,1,1.0,77.0,88.0,75.0,84.0,44.0,62.0,66.25,0,0.16399999999999998,0
1,1,1,7.0,1,2.0,20.0,37.0,30.0,33.0,40.0,46.0,37.25,0,0.6980000000000001,1
1,1,1,13.0,4,0.0,94.0,87.0,67.0,40.0,72.0,88.0,66.75,0,0.10200000000000002,0
0,1,1,10.0,0,0.0,87.0,90.0,84.0,75.0,85.0,76.0,80.0,0,0.11199999999999999,0
0,1,0,12.6,4,0.0,93.0,80.6,67.3,69.5,60.0,69.8,66.65,0,0.14440000000000003,0
1,1,1,7.0,1,0.0,77.8,80.5,70.7,56.7,76.3,65.1,67.19999999999999,1,0.20579999999999996,0
1,1,1,13.0,4,1.0,91.0,98.0,69.0,90.0,52.0,89.0,75.0,0,0.048,0
1,1,0,6.0,0,2.0,20.0,37.0,23.0,19.0,49.0,56.0,36.75,0,0.6980000000000001,1
0,0,0,14.0,4,0.0,77.0,75.0,52.0,63.0,63.0,55.0,58.25,0,0.242,0
1,1,1,13.0,4,0.0,77.1,69.3,65.1,64.2,65.3,54.3,62.22500000000001,1,0.27580000000000005,0
1,1,1,10.0,1,0.0,85.0,87.0,68.0,57.0,57.0,63.0,61.25,0,0.138,0
1,1,0,8.0,1,0.0,77.8,80.5,70.7,56.7,76.3,65.1,67.19999999999999,1,0.20579999999999996,0
1,1,1,13.0,4,1.0,86.0,93.0,89.0,66.0,64.0,90.0,77.25,0,0.09799999999999998,0
0,1,0,13.0,3,0.0,82.0,78.0,75.0,72.0,71.0,75.0,73.25,0,0.20400000000000001,0
1,1,0,10.0,0,1.0,81.0,74.0,70.0,59.0,65.0,80.0,68.5,0,0.23199999999999998,0
0,1,1,11.3,3,0.0,84.3,77.5,65.7,61.5,71.8,49.6,62.15,0,0.19779999999999998,0
0,1,1,13.0,3,0.0,88.0,88.0,64.0,71.0,67.0,72.0,68.5,0,0.12,0
0,1,0,11.8,2,0.0,88.2,92.3,68.2,74.5,72.0,74.3,72.25,1,0.09340000000000004,0
1,1,0,10.0,0,0.0,84.0,82.0,78.0,74.0,67.0,77.0,74.0,0,0.17200000000000004,0
1,1,1,13.0,4,0.0,86.0,96.0,56.0,91.0,93.0,86.0,81.5,0,0.08000000000000003,0
0,0,0,11.9,3,0.0,74.4,75.2,56.3,55.9,54.0,50.0,54.05,1,0.2512,1
1,1,1,9.0,1,0.0,85.0,87.0,68.0,57.0,57.0,63.0,61.25,0,0.138,0
0,1,1,13.0,3,0.0,78.0,76.0,74.0,63.0,63.0,71.0,67.75,0,0.23199999999999998,0
0,1,0,12.0,3,0.0,69.0,67.0,60.0,54.0,53.0,65.0,58.0,0,0.322,0
0,1,1,9.8,4,0.0,81.2,88.7,67.4,71.7,76.8,66.7,70.65,0,0.14299999999999996,0
0,1,0,11.0,1,0.0,87.0,82.0,68.0,79.0,77.0,70.0,73.5,0,0.16000000000000003,0
1,1,1,7.0,0,3.0,94.0,98.0,75.0,72.0,57.0,87.0,72.75,0,0.03600000000000003,1
1,1,1,13.0,4,0.0,92.0,87.0,58.0,63.0,76.0,47.0,61.0,0,0.10999999999999999,0
1,1,0,12.0,3,1.0,71.0,79.0,66.0,72.0,61.0,64.0,65.75,0,0.242,0
1,1,1,11.1,1,0.0,62.8,66.5,44.6,49.2,44.4,51.6,47.45,1,0.3498,1
0,0,1,13.0,4,0.0,86.0,83.0,54.0,65.0,61.0,63.0,60.75,0,0.15800000000000003,0
1,1,0,12.0,2,0.0,94.0,90.0,67.0,43.0,88.0,71.0,67.25,0,0.084,0
0,1,1,11.3,0,0.0,79.7,75.0,62.2,56.6,63.5,58.0,60.075,0,0.2312,0
0,1,1,11.0,3,0.0,79.0,83.0,67.0,72.0,83.0,64.0,71.5,0,0.186,0
1,1,1,11.6,2,0.0,72.8,99.5,63.5,58.8,53.0,77.3,63.150000000000006,1,0.11180000000000001,0
1,1,1,13.0,4,0.0,86.0,98.0,52.0,41.0,52.0,86.0,57.75,0,0.06800000000000002,0
1,1,1,13.0,4,0.0,96.0,92.0,80.0,78.0,77.0,92.0,81.75,0,0.06399999999999999,0
1,1,1,13.0,4,0.0,94.0,92.0,46.0,71.0,78.0,59.0,63.5,0,0.072,0
0,1,0,14.1,4,0.0,77.7,84.6,59.8,54.8,60.3,60.8,58.925,0,0.1816,0
0,1,1,14.0,4,0.0,76.0,75.0,55.0,58.0,59.0,52.0,56.0,0,0.246,0
1,1,1,13.0,4,0.0,89.0,89.0,56.0,60.0,73.0,89.0,69.5,0,0.10999999999999999,0
1,1,1,9.0,1,1.0,88.0,92.0,88.0,71.0,73.0,43.0,68.75,0,0.09599999999999997,0
1,1,0,9.0,1,0.0,78.6,77.3,70.1,69.7,77.5,72.1,72.35,1,0.22180000000000002,0
0,1,1,13.0,3,0.0,75.0,75.0,56.0,52.0,48.0,61.0,54.25,0,0.25,0
1,1,1,13.0,4,0.0,95.0,99.0,77.0,85.0,94.0,95.0,87.75,0,0.026000000000000023,0
1,1,0,11.0,1,1.0,87.0,70.0,77.0,52.0,80.0,73.0,70.5,0,0.23200000000000004,0
1,1,1,13.0,4,0.0,96.0,94.0,77.0,94.0,71.0,77.0,79.75,0,0.052000000000000046,0
1,1,1,6.0,0,0.0,78.6,77.3,70.1,69.7,77.5,72.1,72.35,1,0.22180000000000002,0
1,1,0,7.0,1,2.0,20.0,37.0,20.0,33.0,17.0,30.0,25.0,0,0.6980000000000001,1
1,1,1,13.0,4,0.0,85.0,88.0,54.0,78.0,58.0,52.0,60.5,0,0.132,0
1,1,0,7.0,0,2.0,20.0,37.0,27.0,37.0,27.0,77.0,42.0,0,0.6980000000000001,1
0,1,1,13.0,4,0.0,91.0,90.0,70.0,77.0,76.0,74.0,74.25,0,0.09599999999999997,0
1,1,0,7.0,1,0.0,74.0,82.0,75.0,76.0,57.0,54.0,65.5,0,0.21200000000000002,0
1,1,0,8.0,1,0.0,75.0,79.0,66.0,66.0,71.0,65.0,67.0,0,0.22599999999999998,0
1,1,0,12.0,3,0.0,88.0,97.0,93.0,54.0,74.0,83.0,76.0,0,0.06600000000000002,0
1,1,1,8.0,1,0.0,96.0,99.0,90.0,76.0,89.0,96.0,87.75,0,0.02200000000000002,0
0,1,0,13.0,3,0.0,80.0,86.0,77.0,76.0,78.0,69.0,75.0,0,0.16399999999999998,0
1,1,1,13.0,4,0.0,96.0,92.0,94.0,48.0,74.0,43.0,64.75,0,0.06399999999999999,0
1,1,1,13.0,4,0.0,94.0,92.0,90.0,79.0,70.0,94.0,83.25,0,0.072,0
1,1,0,6.0,0,0.0,85.0,87.0,68.0,57.0,57.0,63.0,61.25,0,0.138,0
0,1,0,13.9,3,0.0,71.2,70.4,46.1,51.6,50.1,49.3,49.275000000000006,0,0.29279999999999995,1
1,1,0,12.0,2,0.0,92.0,93.0,73.0,77.0,70.0,89.0,77.25,0,0.07399999999999995,0
0,1,1,13.8,3,0.0,76.4,76.3,66.6,53.9,59.9,56.2,59.150000000000006,0,0.23659999999999998,0
1,1,0,12.0,2,0.0,98.0,97.0,60.0,90.0,53.0,85.0,72.0,0,0.026000000000000023,0
1,1,1,13.0,4,0.0,85.0,88.0,89.0,79.0,52.0,91.0,77.75,0,0.132,0
1,1,0,8.0,1,0.0,90.0,71.0,70.0,69.0,64.0,76.0,69.75,0,0.21400000000000002,0
1,1,0,13.0,4,0.0,86.0,98.0,62.0,78.0,78.0,92.0,77.5,0,0.06800000000000002,0
0,1,0,14.0,3,0.0,88.0,86.0,84.0,83.0,80.0,78.0,81.25,0,0.132,0
1,1,1,9.0,1,0.0,92.0,93.0,73.0,77.0,70.0,89.0,77.25,0,0.07399999999999995,0
1,1,0,8.0,1,1.0,88.0,92.0,88.0,71.0,73.0,43.0,68.75,0,0.09599999999999997,0
1,1,0,12.7,3,0.0,83.5,86.0,78.8,72.1,81.3,84.0,79.05,1,0.15000000000000002,0
0,1,0,14.4,4,0.0,80.1,83.8,71.1,75.2,75.9,65.5,71.92500000000001,1,0.17680000000000007,0
1,1,0,13.0,4,0.0,87.0,98.0,92.0,79.0,71.0,47.0,72.25,0,0.06400000000000002,0
1,1,0,13.0,4,0.0,86.0,93.0,70.0,83.0,83.0,86.0,80.5,0,0.09799999999999998,0
1,1,1,13.0,4,0.0,85.0,89.0,86.0,63.0,71.0,85.0,76.25,0,0.126,0
0,1,0,12.9,3,0.0,87.3,88.2,93.5,85.2,82.8,86.5,87.0,0,0.12159999999999999,0
1,1,1,13.0,4,0.0,89.0,89.0,84.0,87.0,91.0,79.0,85.25,0,0.10999999999999999,0
1,1,1,7.0,0,0.0,76.6,77.8,65.2,65.1,70.2,60.4,65.225,1,0.22680000000000003,0
1,1,1,12.0,3,0.0,90.0,88.0,55.0,80.0,64.0,89.0,72.0,0,0.11199999999999999,0
1,1,0,13.0,1,0.0,83.2,96.0,63.7,80.3,65.5,47.2,64.175,1,0.09119999999999999,0
0,0,1,12.9,4,0.0,78.6,77.3,70.1,69.7,77.5,72.1,72.35,1,0.22180000000000002,0
1,1,0,8.0,1,0.0,79.9,81.8,65.4,68.7,60.8,64.8,64.92500000000001,1,0.18960000000000002,0
1,1,0,12.0,3,1.0,75.0,80.0,58.0,55.0,56.0,61.0,57.5,0,0.21999999999999997,0
1,1,1,8.0,1,0.0,93.0,99.0,81.0,43.0,93.0,93.0,77.5,0,0.03399999999999999,0
0,0,1,13.6,4,0.0,83.3,84.6,62.3,75.4,65.5,69.5,68.175,0,0.1592,0
0,1,0,13.0,4,0.0,77.0,79.0,70.0,73.0,73.0,72.0,72.0,0,0.21799999999999997,0
1,1,1,7.0,1,1.0,94.0,97.0,89.0,40.0,54.0,46.0,57.25,0,0.04200000000000004,0
1,1,0,12.0,3,1.0,86.0,89.0,90.0,58.0,78.0,88.0,78.5,0,0.122,0
1,1,1,13.0,4,0.0,88.0,87.0,47.0,94.0,88.0,69.0,74.5,0,0.126,0
1,1,1,12.0,2,0.0,93.0,88.0,56.0,46.0,81.0,66.0,62.25,0,0.09999999999999998,0
1,1,1,6.0,0,0.0,79.1,81.4,66.3,57.4,69.4,68.0,65.275,0,0.19519999999999998,0
0,1,0,9.0,3,0.0,82.0,99.0,73.0,68.0,57.0,81.0,69.75,0,0.07800000000000003,0
0,0,0,14.0,4,0.0,85.0,90.0,68.0,72.0,76.0,70.0,71.5,0,0.12,0
1,1,1,6.0,0,0.0,72.8,99.5,63.5,58.8,53.0,77.3,63.150000000000006,1,0.11180000000000001,0
0,1,0,11.8,3,0.0,82.1,83.5,78.0,76.1,61.2,66.7,70.5,0,0.17060000000000003,0
0,1,1,10.0,3,0.0,85.0,82.0,85.0,66.0,66.0,85.0,75.5,0,0.16800000000000004,0
1,1,0,10.1,1,0.0,80.3,87.5,72.5,70.8,63.9,64.1,67.825,1,0.15380000000000005,0
1,1,0,13.0,4,0.0,95.0,97.0,90.0,45.0,91.0,93.0,79.75,0,0.038000000000000034,0
0,1,1,11.2,3,1.0,92.4,91.5,81.5,75.1,74.4,87.9,79.725,0,0.08139999999999996,0
1,1,1,13.0,4,0.0,87.0,99.0,79.0,58.0,67.0,62.0,66.5,0,0.05800000000000001,0
0,1,1,13.6,3,0.0,76.6,71.6,70.4,69.3,61.9,71.7,68.325,0,0.26400000000000007,0
1,1,1,6.0,0,0.0,75.0,79.0,66.0,66.0,71.0,65.0,67.0,0,0.22599999999999998,0
0,0,1,12.2,3,0.0,78.1,75.9,68.2,57.5,73.1,66.6,66.35,0,0.23220000000000002,0
1,1,1,13.0,4,0.0,93.0,95.0,54.0,42.0,67.0,75.0,59.5,0,0.05800000000000001,0
1,1,0,9.9,0,0.0,84.6,82.6,64.7,53.0,67.2,58.2,60.775000000000006,0,0.16600000000000004,0
1,1,1,13.0,4,0.0,89.0,88.0,57.0,86.0,62.0,72.0,69.25,0,0.11599999999999999,0
0,1,0,11.0,3,1.0,75.0,79.0,64.0,51.0,69.0,59.0,60.75,0,0.22599999999999998,0
0,1,1,9.0,0,0.0,85.0,91.0,74.0,75.0,66.0,70.0,71.25,0,0.11399999999999999,0
1,1,0,13.0,4,0.0,91.0,89.0,84.0,55.0,86.0,87.0,78.0,0,0.10199999999999998,0
1,1,0,13.0,4,0.0,89.0,98.0,58.0,54.0,62.0,56.0,57.5,0,0.05600000000000001,0
1,1,0,9.0,1,2.0,20.0,37.0,43.0,30.0,32.0,36.0,35.25,0,0.6980000000000001,1
0,1,1,13.1,4,0.0,64.5,66.7,60.1,64.6,73.3,71.2,67.3,1,0.3418,0
1,1,1,13.0,4,0.0,92.0,89.0,60.0,87.0,71.0,92.0,77.5,0,0.09799999999999998,0
1,1,0,13.0,4,0.0,85.0,89.0,80.0,92.0,87.0,64.0,80.75,0,0.126,0
1,1,1,13.0,4,0.0,95.0,91.0,87.0,75.0,54.0,95.0,77.75,0,0.074,0
0,1,0,11.8,3,0.0,73.6,74.5,56.6,61.4,56.9,61.2,59.025000000000006,0,0.2586,0
1,1,1,12.0,3,0.0,88.0,87.0,95.0,67.0,50.0,64.0,69.0,0,0.126,0
0,0,0,13.0,4,0.0,93.0,86.0,60.0,74.0,65.0,65.0,66.0,0,0.11199999999999999,0
1,1,1,8.0,1,0.0,85.0,87.0,68.0,57.0,57.0,63.0,61.25,0,0.138,0
1,1,0,13.0,4,0.0,90.0,92.0,61.0,92.0,81.0,90.0,81.0,0,0.08799999999999997,0
0,1,0,10.0,4,0.0,97.0,77.0,64.0,45.0,63.0,62.0,58.5,0,0.15,0
0,1,0,12.0,3,0.0,81.0,91.0,76.0,73.0,77.0,77.0,75.75,0,0.12999999999999995,0
1,1,1,13.0,4,0.0,97.0,98.0,70.0,51.0,56.0,47.0,56.0,0,0.02400000000000002,0
1,1,1,13.0,2,1.0,83.0,85.0,65.0,64.0,72.0,65.0,66.5,0,0.15800000000000003,0
1,1,1,6.0,0,0.0,92.0,85.0,69.0,57.0,68.0,68.0,65.5,0,0.122,0
0,1,1,10.3,4,0.0,74.0,100.0,55.3,84.9,76.8,75.5,73.125,1,0.10400000000000001,0
1,1,0,9.0,1,2.0,20.0,37.0,34.0,20.0,44.0,74.0,43.0,0,0.6980000000000001,1
0,1,0,12.0,4,0.0,76.0,80.0,64.0,59.0,71.0,72.0,66.5,0,0.21599999999999997,0
0,1,0,13.0,4,0.0,82.0,81.0,62.0,75.0,68.0,70.0,68.75,0,0.186,0
1,1,1,12.0,2,2.0,86.0,91.0,84.0,59.0,61.0,47.0,62.75,0,0.10999999999999999,0
1,1,1,12.0,3,1.0,92.0,91.0,57.0,46.0,86.0,40.0,57.25,0,0.08599999999999997,0
1,1,1,12.0,3,0.0,85.0,91.0,76.0,71.0,75.0,75.0,74.25,0,0.11399999999999999,0
1,1,1,7.0,1,2.0,20.0,37.0,30.0,15.0,33.0,74.0,38.0,0,0.6980000000000001,1
0,1,1,10.3,3,0.0,76.4,90.2,76.7,74.3,67.1,65.3,70.85,1,0.15319999999999998,0
1,1,1,8.0,1,0.0,79.9,81.8,65.4,68.7,60.8,64.8,64.92500000000001,1,0.18960000000000002,0
1,1,0,12.0,3,0.0,88.0,87.0,60.0,85.0,93.0,90.0,82.0,0,0.126,0
1,1,1,14.0,3,2.0,65.0,64.0,59.0,60.0,57.0,57.0,58.25,0,0.356,0
1,1,0,9.4,1,0.0,78.6,83.9,74.4,69.6,64.8,58.8,66.9,1,0.18219999999999997,0
0,1,1,9.0,0,0.0,77.0,77.0,66.0,68.0,54.0,56.0,61.0,0,0.22999999999999998,0
0,1,1,12.9,4,0.0,85.6,85.6,68.1,64.1,64.0,78.7,68.725,1,0.14400000000000002,0
1,1,1,9.0,1,0.0,90.0,71.0,70.0,69.0,64.0,76.0,69.75,0,0.21400000000000002,0
0,1,1,10.8,3,0.0,77.5,85.3,65.4,74.8,82.5,63.9,71.64999999999999,0,0.17820000000000003,0
0,1,0,13.0,3,0.0,88.0,93.0,89.0,82.0,84.0,81.0,84.0,0,0.08999999999999997,0
0,1,0,14.0,4,0.0,79.0,83.0,70.0,60.0,65.0,66.0,65.25,0,0.186,0
1,1,0,13.0,4,0.0,96.0,99.0,90.0,76.0,89.0,96.0,87.75,0,0.02200000000000002,0
0,1,1,10.0,3,0.0,70.0,79.0,73.0,59.0,54.0,84.0,67.5,0,0.246,0
1,1,1,13.0,4,0.0,95.0,96.0,95.0,67.0,96.0,90.0,87.0,0,0.04400000000000004,0
0,1,1,11.0,4,0.0,77.0,79.0,61.0,69.0,60.0,72.0,65.5,0,0.21799999999999997,0
1,1,0,12.0,3,0.0,98.0,91.0,63.0,67.0,64.0,67.0,65.25,0,0.061999999999999986,0
1,1,1,7.0,0,0.0,92.0,85.0,69.0,57.0,68.0,68.0,65.5,0,0.122,0
1,1,0,13.0,4,0.0,98.0,93.0,66.0,54.0,84.0,72.0,69.0,0,0.049999999999999975,0
0,1,0,9.0,0,0.0,78.0,79.0,60.0,55.0,59.0,61.0,58.75,0,0.21399999999999997,0
0,1,1,11.1,4,0.0,84.0,86.1,73.8,66.3,71.8,71.4,70.82499999999999,0,0.14740000000000003,0
1,1,0,14.0,4,0.0,80.0,75.0,61.0,48.0,55.0,63.0,56.75,0,0.22999999999999998,0
1,1,0,13.0,4,0.0,92.0,92.0,54.0,66.0,84.0,93.0,74.25,0,0.07999999999999996,0
0,1,0,15.0,4,0.0,77.0,82.0,50.0,52.0,52.0,54.0,52.0,0,0.2,0
0,1,0,10.0,3,0.0,87.0,88.0,84.0,53.0,74.0,91.0,75.5,0,0.124,0
1,1,1,12.0,3,1.0,98.0,89.0,69.0,82.0,92.0,70.0,78.25,0,0.074,0
1,1,1,12.0,3,1.0,96.0,90.0,58.0,84.0,75.0,43.0,65.0,0,0.076,0
1,1,1,13.0,4,0.0,97.0,98.0,74.0,51.0,63.0,59.0,61.75,0,0.02400000000000002,0
1,1,0,6.0,0,0.0,78.6,77.3,70.1,69.7,77.5,72.1,72.35,1,0.22180000000000002,0
0,0,0,14.0,4,0.0,83.0,83.0,66.0,70.0,61.0,65.0,65.5,0,0.17000000000000004,0
0,1,0,12.0,4,0.0,85.0,81.0,80.0,78.0,77.0,83.0,79.5,0,0.174,0
0,1,1,11.0,3,1.0,87.0,91.0,79.0,73.0,77.0,88.0,79.25,0,0.10599999999999998,0
1,1,0,13.0,4,0.0,88.0,98.0,56.0,71.0,78.0,88.0,73.25,0,0.06000000000000001,0
0,0,0,13.0,4,1.0,77.0,77.0,63.0,58.0,61.0,51.0,58.25,0,0.22999999999999998,0
0,1,1,12.6,3,0.0,86.0,83.9,80.0,67.5,66.1,85.7,74.825,0,0.15259999999999996,0
1,1,0,10.0,0,0.0,83.0,81.0,64.0,68.0,63.0,62.0,64.25,0,0.182,0
1,1,1,13.0,4,0.0,92.0,95.0,67.0,84.0,91.0,58.0,75.0,0,0.06200000000000001,0
1,1,1,13.0,4,0.0,88.0,97.0,49.0,57.0,94.0,61.0,65.25,0,0.06600000000000002,0
0,1,0,12.0,4,0.0,72.4,83.4,67.2,77.4,73.9,60.8,69.825,1,0.2099999999999999,0
1,1,1,14.0,3,1.0,64.0,72.0,53.0,41.0,55.0,46.0,48.75,0,0.312,1
0,1,0,13.0,3,0.0,83.0,88.0,82.0,83.0,83.0,80.0,82.0,0,0.14,0
1,1,1,9.0,1,0.0,75.0,79.0,66.0,66.0,71.0,65.0,67.0,0,0.22599999999999998,0
1,1,1,8.0,1,0.0,90.0,71.0,70.0,69.0,64.0,76.0,69.75,0,0.21400000000000002,0
0,1,1,13.0,4,0.0,75.0,70.0,61.0,56.0,54.0,53.0,56.0,0,0.28,0
1,1,0,13.0,4,0.0,97.0,97.0,81.0,42.0,85.0,97.0,76.25,0,0.030000000000000027,0
1,1,0,11.0,0,0.0,86.0,89.0,66.0,76.0,66.0,67.0,68.75,0,0.122,0
0,0,1,13.3,4,0.0,83.6,81.9,54.8,62.8,60.5,64.8,60.725,1,0.17419999999999997,0
1,1,1,13.0,4,0.0,95.0,93.0,51.0,62.0,84.0,63.0,65.0,0,0.061999999999999986,0
1,1,0,13.0,4,0.0,86.0,99.0,71.0,70.0,74.0,60.0,68.75,0,0.06200000000000001,0
0,1,0,13.0,3,0.0,79.0,79.0,68.0,75.0,67.0,77.0,71.75,0,0.20999999999999996,0
1,1,1,8.0,1,0.0,97.0,92.0,85.0,85.0,76.0,97.0,85.75,0,0.059999999999999984,0
1,1,1,13.0,4,0.0,88.0,95.0,55.0,48.0,60.0,94.0,64.25,0,0.07800000000000003,0
0,1,1,11.8,3,0.0,67.2,81.0,64.2,71.4,77.4,76.3,72.325,1,0.24519999999999995,0
1,1,1,10.0,1,1.0,88.0,92.0,88.0,71.0,73.0,43.0,68.75,0,0.09599999999999997,0
1,1,1,13.0,4,0.0,93.0,91.0,92.0,55.0,93.0,55.0,73.75,0,0.08199999999999996,0
0,1,0,12.8,3,0.0,82.0,81.1,71.7,66.4,74.9,77.4,72.60000000000001,0,0.18540000000000006,0
1,1,1,13.0,4,0.0,92.0,87.0,85.0,59.0,72.0,71.0,71.75,0,0.10999999999999999,0
0,1,1,10.0,0,0.0,81.0,74.0,65.0,66.0,65.0,59.0,63.75,0,0.23199999999999998,0
0,0,0,14.0,4,0.0,73.0,77.0,68.0,69.0,61.0,62.0,65.0,0,0.246,0
1,1,1,13.0,4,0.0,88.0,87.0,92.0,69.0,50.0,49.0,65.0,0,0.126,0
0,1,0,12.0,3,0.0,94.0,96.0,85.0,78.0,75.0,82.0,80.0,0,0.04800000000000004,0
0,1,1,13.0,3,1.0,70.0,75.0,45.0,47.0,56.0,47.0,48.75,0,0.27,1
1,1,0,13.0,4,0.0,92.0,93.0,93.0,92.0,71.0,92.0,87.0,0,0.07399999999999995,0
1,1,0,7.0,0,2.0,20.0,37.0,26.0,36.0,48.0,53.0,40.75,0,0.6980000000000001,1
0,1,0,9.0,3,0.0,84.0,96.0,72.0,68.0,49.0,69.0,64.5,0,0.08800000000000004,0
1,1,0,5.0,0,2.0,20.0,37.0,25.0,15.0,33.0,33.0,26.5,0,0.6980000000000001,1
1,1,0,12.0,3,0.0,86.0,98.0,84.0,95.0,89.0,57.0,81.25,0,0.06800000000000002,0
1,1,0,8.0,1,0.0,95.0,98.0,61.0,57.0,80.0,89.0,71.75,0,0.03200000000000003,0
0,1,0,14.0,4,0.0,77.0,83.0,72.0,60.0,69.0,72.0,68.25,0,0.194,0
0,1,0,13.0,4,0.0,84.0,93.0,68.0,68.0,58.0,69.0,65.75,0,0.10599999999999998,0
0,1,1,13.0,4,0.0,85.0,85.0,73.0,71.0,79.0,72.0,73.75,0,0.15000000000000002,0
1,1,1,8.0,0,1.0,78.0,81.0,65.0,73.0,76.0,60.0,68.5,0,0.20199999999999996,0
0,1,0,12.8,4,0.0,83.7,80.4,62.7,72.8,65.2,73.7,68.6,1,0.18279999999999993,0
1,1,1,10.0,0,0.0,85.0,92.0,66.0,65.0,78.0,77.0,71.5,0,0.10799999999999998,0
0,1,0,12.0,3,1.0,95.0,91.0,61.0,66.0,71.0,70.0,67.0,0,0.074,0
1,1,1,12.0,3,0.0,96.0,99.0,52.0,43.0,82.0,70.0,61.75,0,0.02200000000000002,0
1,1,1,12.0,2,0.0,91.0,95.0,56.0,48.0,73.0,40.0,54.25,0,0.06600000000000002,0
0,1,0,11.1,3,0.0,76.8,74.4,85.1,76.1,57.7,78.4,74.32499999999999,0,0.24639999999999992,0
0,0,0,14.0,3,2.0,70.0,70.0,46.0,57.0,53.0,56.0,53.0,0,0.30000000000000004,1
1,1,1,12.0,3,0.0,87.0,99.0,47.0,71.0,66.0,51.0,58.75,0,0.05800000000000001,0
0,1,1,9.8,4,0.0,77.8,99.9,56.0,83.6,77.4,75.4,73.1,1,0.08939999999999992,0
0,1,1,11.3,4,0.0,90.6,91.1,91.6,62.0,78.0,70.4,75.5,1,0.09100000000000008,0
1,1,1,13.0,4,0.0,97.0,90.0,85.0,84.0,71.0,85.0,81.25,0,0.072,0
0,1,1,14.0,3,0.0,68.0,64.0,65.0,55.0,68.0,60.0,62.0,0,0.344,1
1,1,1,13.0,4,0.0,88.0,89.0,64.0,93.0,60.0,88.0,76.25,0,0.11399999999999999,0
1,1,0,12.0,3,0.0,98.0,95.0,66.0,89.0,93.0,57.0,76.25,0,0.038000000000000034,0
0,0,0,12.0,3,0.0,76.0,79.0,64.0,64.0,69.0,59.0,64.0,0,0.22199999999999998,0
0,1,0,13.0,4,0.0,70.0,71.0,72.0,59.0,75.0,53.0,64.75,0,0.29400000000000004,0
0,1,1,14.8,4,0.0,72.3,68.6,49.5,60.1,60.8,54.7,56.27499999999999,0,0.2992,0
0,1,0,12.0,3,0.0,82.0,81.0,58.0,69.0,64.0,68.0,64.75,0,0.186,0
0,1,0,14.0,4,0.0,81.0,90.0,86.0,86.0,84.0,86.0,85.5,0,0.13599999999999995,0
1,1,1,9.0,1,0.0,75.0,79.0,66.0,66.0,71.0,65.0,67.0,0,0.22599999999999998,0
1,1,1,9.0,1,3.0,20.0,37.0,27.0,28.0,22.0,46.0,30.75,0,0.6980000000000001,1
1,1,0,6.0,0,0.0,78.0,74.0,66.0,74.0,70.0,74.0,71.0,0,0.244,0
1,1,1,6.0,0,0.0,76.6,77.8,65.2,65.1,70.2,60.4,65.225,1,0.22680000000000003,0
0,0,1,12.0,3,0.0,77.8,80.5,70.7,56.7,76.3,65.1,67.19999999999999,1,0.20579999999999996,0
1,1,0,12.0,2,0.0,86.0,94.0,86.0,44.0,55.0,91.0,69.0,0,0.09200000000000004,0
1,1,1,14.0,3,0.0,86.0,93.0,80.0,87.0,83.0,89.0,84.75,0,0.09799999999999998,0
0,1,0,12.1,3,0.0,92.4,86.8,61.2,66.6,71.8,70.4,67.5,1,0.10959999999999999,0
1,1,1,13.0,4,0.0,88.0,90.0,94.0,80.0,66.0,41.0,70.25,0,0.10799999999999998,0
1,1,0,7.0,0,0.0,78.0,74.0,66.0,74.0,70.0,74.0,71.0,0,0.244,0
0,1,0,12.0,4,0.0,72.0,95.0,65.0,50.0,82.0,68.0,66.25,0,0.14200000000000004,0
0,1,0,11.6,3,0.0,76.1,83.2,72.5,76.1,62.6,67.7,69.725,1,0.19640000000000002,0
0,1,1,10.0,4,0.0,78.0,79.0,55.0,53.0,61.0,67.0,59.0,0,0.21399999999999997,0
1,1,0,12.0,2,0.0,96.0,96.0,49.0,58.0,52.0,64.0,55.75,0,0.040000000000000036,0
1,1,0,9.0,1,2.0,20.0,37.0,29.0,47.0,74.0,30.0,45.0,0,0.6980000000000001,1
1,1,1,13.0,4,0.0,87.0,95.0,47.0,44.0,53.0,87.0,57.75,0,0.08200000000000003,0
1,1,1,13.0,4,0.0,92.0,94.0,93.0,85.0,95.0,92.0,91.25,0,0.06800000000000002,0
0,1,0,10.0,3,0.0,73.0,88.0,69.0,80.0,72.0,63.0,71.0,0,0.18,0
0,1,1,11.0,4,0.0,90.0,71.0,70.0,69.0,64.0,76.0,69.75,0,0.21400000000000002,0
0,1,0,11.0,4,0.0,93.0,72.0,71.0,84.0,54.0,81.0,72.5,0,0.196,0
1,1,0,8.0,1,0.0,78.6,77.3,70.1,69.7,77.5,72.1,72.35,1,0.22180000000000002,0
1,1,1,12.0,3,1.0,87.0,87.0,65.0,40.0,51.0,48.0,51.0,0,0.13,0
0,1,0,11.3,3,0.0,91.6,81.5,62.9,64.7,68.0,70.7,66.575,1,0.14460000000000006,0
0,1,1,13.0,4,0.0,81.0,86.0,68.0,77.0,63.0,73.0,70.25,0,0.15999999999999998,0
0,1,1,10.0,1,0.0,86.0,78.0,79.0,73.0,75.0,77.0,76.0,0,0.188,0
1,1,1,13.0,4,0.0,85.0,99.0,58.0,53.0,57.0,85.0,63.25,0,0.06600000000000002,0
0,1,0,12.0,3,0.0,88.0,85.0,64.0,64.0,74.0,72.0,68.5,0,0.138,0
0,0,1,12.2,4,0.0,91.0,96.1,79.4,74.4,78.7,78.0,77.625,1,0.05940000000000001,0
0,1,1,13.0,4,0.0,77.0,81.0,54.0,51.0,61.0,55.0,55.25,0,0.20599999999999996,0
0,0,0,14.0,4,2.0,66.0,64.0,58.0,54.0,47.0,56.0,53.75,0,0.352,1
1,1,0,12.0,3,0.0,86.0,95.0,54.0,76.0,81.0,44.0,63.75,0,0.08600000000000003,0
1,1,1,6.0,0,2.0,20.0,37.0,50.0,77.0,40.0,54.0,55.25,0,0.6980000000000001,1
0,1,0,12.0,3,0.0,74.1,81.2,61.9,69.6,52.9,73.8,64.55,1,0.21639999999999998,0
1,1,1,12.0,3,0.0,98.0,93.0,88.0,58.0,81.0,41.0,67.0,0,0.049999999999999975,0
1,1,1,12.0,3,0.0,91.0,93.0,79.0,66.0,77.0,46.0,67.0,0,0.07799999999999996,0
0,1,1,11.0,0,0.0,94.0,99.0,91.0,85.0,92.0,85.0,88.25,0,0.030000000000000027,0
1,1,0,12.0,3,0.0,97.0,99.0,70.0,71.0,69.0,54.0,66.0,0,0.018000000000000016,0
1,1,1,12.0,2,1.0,70.0,93.0,65.0,57.0,52.0,78.0,63.0,0,0.16199999999999998,0
1,1,0,13.0,4,0.0,98.0,91.0,47.0,75.0,96.0,81.0,74.75,0,0.061999999999999986,0
0,0,0,14.0,4,0.0,79.9,81.8,65.4,68.7,60.8,64.8,64.92500000000001,1,0.18960000000000002,0
1,1,0,12.0,2,1.0,87.0,90.0,66.0,95.0,89.0,89.0,84.75,0,0.11199999999999999,0
0,1,1,9.0,0,0.0,88.0,89.0,64.0,59.0,65.0,71.0,64.75,0,0.11399999999999999,0
1,1,1,8.0,1,0.0,95.0,98.0,61.0,57.0,80.0,89.0,71.75,0,0.03200000000000003,0
1,1,0,11.2,0,0.0,70.5,67.9,61.9,68.1,54.3,68.6,63.225,1,0.3106,0
0,1,1,13.0,3,0.0,82.0,82.0,86.0,81.0,79.0,87.0,83.25,0,0.18000000000000005,0
0,0,0,14.0,4,0.0,87.0,90.0,90.0,78.0,77.0,81.0,81.5,0,0.11199999999999999,0
1,1,0,12.0,2,0.0,97.0,93.0,90.0,64.0,56.0,47.0,64.25,0,0.05399999999999998,0
1,1,0,12.0,3,0.0,85.0,91.0,67.0,40.0,52.0,41.0,50.0,0,0.11399999999999999,0
1,1,1,9.0,1,2.0,65.0,64.0,59.0,60.0,57.0,57.0,58.25,0,0.356,0
1,1,1,10.0,1,0.0,86.4,89.6,62.2,58.5,59.6,64.5,61.2,1,0.11680000000000001,0
1,1,0,13.0,4,0.0,89.0,88.0,74.0,88.0,79.0,85.0,81.5,0,0.11599999999999999,0
1,1,1,13.0,4,0.0,95.0,93.0,67.0,52.0,83.0,95.0,74.25,0,0.061999999999999986,0
1,1,1,5.0,0,1.0,88.0,92.0,88.0,71.0,73.0,43.0,68.75,0,0.09599999999999997,0
1,1,1,13.0,4,0.0,92.0,88.0,45.0,84.0,61.0,87.0,69.25,0,0.10399999999999998,0
0,1,0,14.0,4,0.0,89.0,87.0,77.0,66.0,69.0,73.0,71.25,0,0.122,0
1,1,0,10.1,0,0.0,81.7,78.3,63.6,69.1,62.0,61.5,64.05,1,0.20340000000000003,0
1,1,0,8.0,1,2.0,20.0,37.0,63.0,20.0,27.0,33.0,35.75,0,0.6980000000000001,1
1,1,1,7.0,0,1.0,88.0,92.0,88.0,71.0,73.0,43.0,68.75,0,0.09599999999999997,0
1,1,1,10.0,0,0.0,88.0,92.0,88.0,60.0,56.0,52.0,64.0,0,0.09599999999999997,0
0,1,1,12.0,3,0.0,89.0,73.0,75.0,74.0,74.0,92.0,78.75,0,0.20600000000000002,0
1,1,1,9.0,0,0.0,80.0,85.0,64.0,59.0,60.0,67.0,62.5,0,0.16999999999999998,0
1,1,1,13.0,4,0.0,95.0,98.0,75.0,94.0,64.0,92.0,81.25,0,0.03200000000000003,0
1,1,0,12.2,3,0.0,81.6,94.6,58.1,68.7,73.4,68.4,67.15,0,0.10600000000000005,0
0,1,0,11.2,3,0.0,83.8,78.7,72.5,63.1,66.0,71.8,68.35,0,0.1926,0
0,1,0,12.5,3,0.0,85.3,91.6,83.9,81.4,86.5,82.2,83.5,0,0.10920000000000005,0
0,1,0,10.1,0,0.0,88.4,83.8,76.3,64.2,74.8,75.2,72.625,0,0.1436,0
0,0,0,13.0,4,0.0,84.0,82.0,69.0,78.0,68.0,78.0,73.25,0,0.17200000000000004,0
0,1,1,14.0,3,0.0,76.0,69.0,70.0,68.0,61.0,70.0,67.25,0,0.28200000000000003,0
1,1,1,9.9,0,0.0,90.4,93.1,91.1,58.5,58.0,52.4,65.0,1,0.07980000000000002,0
1,1,1,13.0,4,0.0,91.0,99.0,50.0,55.0,64.0,73.0,60.5,0,0.041999999999999996,0
0,1,0,12.1,3,0.0,83.5,78.6,59.5,71.6,65.8,69.6,66.625,1,0.19440000000000007,0
1,1,1,8.0,1,0.0,96.0,90.0,66.0,55.0,65.0,96.0,70.5,0,0.076,0
1,1,1,13.0,4,0.0,86.0,90.0,93.0,58.0,86.0,82.0,79.75,0,0.11599999999999999,0
0,1,1,10.0,0,0.0,94.0,89.0,81.0,77.0,74.0,81.0,78.25,0,0.09000000000000001,0
1,1,1,13.0,4,0.0,92.0,97.0,92.0,93.0,58.0,92.0,83.75,0,0.05,0
1,1,0,7.0,1,0.0,72.8,99.5,63.5,58.8,53.0,77.3,63.150000000000006,1,0.11180000000000001,0
1,1,1,13.0,4,0.0,89.0,91.0,63.0,93.0,89.0,87.0,83.0,0,0.09799999999999998,0
0,1,0,13.6,3,0.0,71.9,75.4,42.7,52.9,51.0,48.4,48.75,1,0.25999999999999995,1
1,1,0,13.0,4,0.0,88.0,93.0,71.0,43.0,64.0,88.0,66.5,0,0.08999999999999997,0
1,1,1,12.0,2,0.0,96.0,93.0,93.0,82.0,52.0,73.0,75.0,0,0.05799999999999998,0
0,1,1,12.5,2,0.0,83.1,86.4,66.0,65.3,80.4,79.5,72.80000000000001,1,0.14919999999999994,0
1,1,0,8.0,1,0.0,74.0,82.0,75.0,76.0,57.0,54.0,65.5,0,0.21200000000000002,0
1,1,0,8.0,1,1.0,88.0,92.0,88.0,71.0,73.0,43.0,68.75,0,0.09599999999999997,0
0,0,0,12.6,4,0.0,73.6,70.1,54.4,61.9,56.3,59.2,57.95,1,0.28500000000000003,0
0,1,1,11.0,4,0.0,85.0,93.0,91.0,60.0,77.0,71.0,74.75,0,0.10199999999999998,0
1,1,1,13.0,4,0.0,87.0,99.0,94.0,56.0,65.0,87.0,75.5,0,0.05800000000000001,0
1,1,1,13.0,4,0.0,90.0,93.0,79.0,85.0,58.0,54.0,69.0,0,0.08199999999999996,0
1,1,0,13.0,4,0.0,90.0,96.0,45.0,90.0,86.0,86.0,76.75,0,0.06400000000000002,0
0,1,1,12.6,3,0.0,100.0,100.0,82.1,82.2,95.1,86.1,86.375,0,0.0,0
1,1,0,15.0,4,0.0,73.0,70.0,42.0,49.0,42.0,51.0,46.0,0,0.28800000000000003,1
1,1,1,14.0,3,0.0,93.0,95.0,76.0,71.0,79.0,83.0,77.25,0,0.05800000000000001,0
1,1,0,6.0,0,0.0,94.0,98.0,75.0,72.0,57.0,87.0,72.75,0,0.03600000000000003,1
1,1,1,8.0,1,0.0,90.0,71.0,70.0,69.0,64.0,76.0,69.75,0,0.21400000000000002,0
1,1,1,12.0,3,1.0,94.0,88.0,45.0,87.0,64.0,71.0,66.75,0,0.09600000000000002,0
0,0,1,12.0,3,2.0,71.0,67.0,50.0,50.0,40.0,44.0,46.0,0,0.314,1
1,1,1,12.0,3,0.0,96.0,90.0,88.0,94.0,83.0,89.0,88.5,0,0.076,0
1,1,1,8.0,1,3.0,20.0,37.0,38.0,22.0,45.0,47.0,38.0,0,0.6980000000000001,1
0,1,0,13.8,3,0.0,80.7,80.6,74.3,71.0,73.1,77.1,73.875,0,0.19360000000000002,0
1,1,0,12.0,3,0.0,86.0,99.0,49.0,62.0,52.0,58.0,55.25,0,0.06200000000000001,0
1,1,1,9.0,1,0.0,83.5,86.0,78.8,72.1,81.3,84.0,79.05,1,0.15000000000000002,0
0,1,1,14.0,3,0.0,88.0,95.5,77.9,81.1,73.4,83.8,79.05,1,0.07500000000000002,0
0,1,0,12.2,2,0.0,89.2,90.6,82.7,81.1,94.5,81.0,84.825,0,0.09960000000000005,0
0,1,1,14.1,3,0.0,74.2,73.0,61.4,60.4,66.6,69.1,64.375,1,0.2652,0
1,1,0,13.0,4,0.0,97.0,92.0,85.0,85.0,76.0,97.0,85.75,0,0.059999999999999984,0
1,1,0,12.0,3,0.0,91.0,99.0,91.0,47.0,62.0,59.0,64.75,0,0.041999999999999996,0
0,1,0,10.0,0,0.0,91.0,85.0,77.0,68.0,74.0,77.0,74.0,0,0.126,0
0,1,1,14.0,3,0.0,80.0,87.0,82.0,73.0,83.0,82.0,80.0,0,0.15799999999999997,0
0,1,1,12.0,4,0.0,81.0,93.0,61.0,85.0,74.0,59.0,69.75,0,0.11799999999999995,0
1,1,0,13.0,4,0.0,89.0,97.0,59.0,94.0,62.0,89.0,76.0,0,0.06200000000000001,0
0,1,0,13.0,3,0.0,86.0,82.0,69.0,70.0,75.0,75.0,72.25,0,0.16400000000000003,0
1,1,1,6.0,0,2.0,20.0,37.0,22.0,2.0,33.0,25.0,20.5,0,0.6980000000000001,1
1,1,1,13.0,4,0.0,85.0,92.0,93.0,73.0,68.0,85.0,79.75,0,0.10799999999999998,0
1,1,1,7.0,1,1.0,94.0,97.0,89.0,40.0,54.0,46.0,57.25,0,0.04200000000000004,0
1,1,0,9.0,1,1.0,88.0,92.0,88.0,71.0,73.0,43.0,68.75,0,0.09599999999999997,0
1,1,0,13.0,4,0.0,86.0,90.0,63.0,48.0,96.0,91.0,74.5,0,0.11599999999999999,0
1,1,0,13.0,4,0.0,91.0,97.0,89.0,83.0,81.0,67.0,80.0,0,0.054000000000000006,0
1,1,0,13.0,4,0.0,85.0,93.0,65.0,58.0,63.0,66.0,63.0,0,0.10199999999999998,0
0,0,1,13.0,4,0.0,76.0,77.0,58.0,60.0,60.0,65.0,60.75,0,0.23399999999999999,0
1,1,1,13.0,4,0.0,92.0,91.0,63.0,79.0,85.0,92.0,79.75,0,0.08599999999999997,0
1,1,1,12.0,3,0.0,93.0,92.0,71.0,69.0,68.0,73.0,70.25,0,0.07599999999999996,0
1,1,1,13.0,4,0.0,81.0,83.0,68.0,68.0,68.0,64.0,67.0,0,0.178,0
1,1,0,9.0,1,2.0,20.0,37.0,37.0,2.0,44.0,57.0,35.0,0,0.6980000000000001,1
1,1,1,9.0,1,2.0,20.0,37.0,35.0,20.0,36.0,64.0,38.75,0,0.6980000000000001,1
1,1,1,7.0,0,0.0,79.1,81.4,66.3,57.4,69.4,68.0,65.275,0,0.19519999999999998,0
0,1,0,10.0,0,0.0,85.0,82.0,55.0,56.0,59.0,64.0,58.5,0,0.16800000000000004,0
1,1,1,10.0,1,4.0,20.0,10.0,39.0,22.0,44.0,22.0,31.75,0,0.8600000000000001,1
0,0,0,13.0,3,0.0,92.0,85.0,69.0,57.0,68.0,68.0,65.5,0,0.122,0
1,1,1,13.0,4,0.0,86.0,99.0,87.0,62.0,91.0,76.0,79.0,0,0.06200000000000001,0
1,1,1,6.0,0,0.0,75.0,79.0,66.0,66.0,71.0,65.0,67.0,0,0.22599999999999998,0
0,0,1,13.3,3,0.0,64.7,74.5,59.3,61.1,49.3,48.0,54.425,1,0.2942,1
0,0,0,12.0,3,1.0,75.0,76.0,52.0,55.0,54.0,47.0,52.0,0,0.244,1
0,1,1,14.0,3,0.0,74.0,76.0,60.0,61.0,65.0,71.0,64.25,0,0.248,0
0,0,1,12.1,3,0.0,77.4,79.7,73.5,59.9,73.8,67.6,68.69999999999999,0,0.21219999999999994,0
0,1,1,13.0,4,0.0,90.0,97.0,95.0,94.0,96.0,91.0,94.0,0,0.05800000000000001,0
1,1,1,8.0,1,0.0,79.9,81.8,65.4,68.7,60.8,64.8,64.92500000000001,1,0.18960000000000002,0
0,1,1,13.0,4,0.0,91.0,94.0,82.0,91.0,89.0,86.0,87.0,0,0.07200000000000002,0
0,1,1,10.0,4,1.0,86.0,90.0,58.0,46.0,66.0,77.0,61.75,0,0.11599999999999999,0
1,1,0,13.0,4,0.0,95.0,93.0,55.0,45.0,53.0,76.0,57.25,0,0.061999999999999986,0
0,1,1,11.0,4,0.0,82.0,87.0,73.0,67.0,69.0,75.0,71.0,0,0.15000000000000002,0
1,1,0,5.0,0,0.0,75.0,79.0,66.0,66.0,71.0,65.0,67.0,0,0.22599999999999998,0
1,1,1,13.0,4,0.0,89.0,87.0,59.0,61.0,94.0,89.0,75.75,0,0.122,0
1,1,1,13.0,4,0.0,94.0,91.0,82.0,87.0,59.0,94.0,80.5,0,0.078,0
0,0,0,11.9,3,0.0,76.6,77.8,65.2,65.1,70.2,60.4,65.225,1,0.22680000000000003,0
1,1,1,6.0,0,0.0,76.6,77.8,65.2,65.1,70.2,60.4,65.225,1,0.22680000000000003,0
0,1,1,13.0,4,0.0,86.0,84.0,67.0,63.0,63.0,78.0,67.75,0,0.15200000000000002,0
1,1,1,13.0,4,0.0,93.0,95.0,92.0,82.0,60.0,85.0,79.75,0,0.05800000000000001,0
1,1,0,13.0,4,0.0,88.0,96.0,75.0,54.0,72.0,88.0,72.25,0,0.07200000000000002,0
1,1,0,10.0,0,0.0,86.0,84.0,66.0,54.0,68.0,59.0,61.75,0,0.15200000000000002,0
1,1,0,12.0,3,0.0,93.0,94.0,54.0,64.0,83.0,40.0,60.25,0,0.06400000000000002,0
1,1,1,8.0,1,0.0,92.0,93.0,73.0,77.0,70.0,89.0,77.25,0,0.07399999999999995,0
1,1,1,6.0,0,2.0,20.0,37.0,64.0,33.0,36.0,55.0,47.0,0,0.6980000000000001,1
1,1,0,13.0,4,1.0,93.0,87.0,78.0,50.0,95.0,43.0,66.5,0,0.10599999999999998,0
1,1,1,13.0,4,0.0,87.0,90.0,68.0,45.0,64.0,80.0,64.25,0,0.11199999999999999,0
1,1,1,13.0,4,0.0,96.0,94.0,73.0,82.0,65.0,96.0,79.0,0,0.052000000000000046,0
1,1,1,13.0,4,0.0,90.0,89.0,59.0,89.0,77.0,89.0,78.5,0,0.10599999999999998,0
1,1,0,7.0,1,3.0,20.0,37.0,33.0,19.0,36.0,30.0,29.5,0,0.6980000000000001,1
1,1,1,14.0,4,0.0,74.0,81.0,67.0,54.0,68.0,58.0,61.75,0,0.21799999999999997,0
1,1,0,5.0,0,2.0,20.0,37.0,27.0,15.0,40.0,30.0,28.0,0,0.6980000000000001,1
1,1,1,10.0,1,0.0,78.8,75.4,63.7,69.5,54.3,66.2,63.425,0,0.23240000000000002,0
0,1,1,11.2,3,0.0,85.8,76.1,71.8,53.2,71.5,59.5,64.0,0,0.20020000000000007,0
0,0,1,11.7,3,0.0,81.7,89.4,78.4,65.7,72.6,69.8,71.625,0,0.13679999999999998,0
0,0,0,14.1,4,0.0,81.3,84.8,64.3,71.7,60.5,62.3,64.7,0,0.16600000000000004,0
0,1,1,12.0,3,1.0,80.0,79.0,93.0,48.0,75.0,53.0,67.25,0,0.20599999999999996,0
1,1,1,13.0,4,0.0,88.0,92.0,94.0,73.0,61.0,62.0,72.5,0,0.09599999999999997,0
0,1,1,14.0,4,0.0,86.0,86.0,65.0,67.0,68.0,64.0,66.0,0,0.14,0
1,1,0,6.0,0,0.0,92.0,95.0,67.0,84.0,91.0,91.0,83.25,0,0.06200000000000001,0
1,1,1,10.0,1,0.0,80.7,73.5,59.4,66.1,56.8,68.0,62.575,0,0.2362,0
1,1,1,13.0,4,0.0,85.0,98.0,92.0,60.0,54.0,61.0,66.75,0,0.07200000000000002,0
1,1,0,8.0,1,0.0,77.8,80.5,70.7,56.7,76.3,65.1,67.19999999999999,1,0.20579999999999996,0
1,1,0,12.0,3,1.0,86.0,89.0,77.0,82.0,93.0,92.0,86.0,0,0.122,0
1,1,1,7.0,1,0.0,72.8,99.5,63.5,58.8,53.0,77.3,63.150000000000006,1,0.11180000000000001,0
1,1,1,9.0,1,0.0,78.6,77.3,70.1,69.7,77.5,72.1,72.35,1,0.22180000000000002,0
1,1,0,13.0,4,0.0,91.0,89.0,77.0,95.0,74.0,56.0,75.5,0,0.10199999999999998,0
0,1,0,12.0,3,0.0,83.0,82.0,69.0,64.0,68.0,73.0,68.5,0,0.17600000000000005,0
0,1,1,12.0,3,0.0,88.0,92.0,78.0,67.0,71.0,78.0,73.5,0,0.09599999999999997,0
0,1,0,13.1,3,0.0,84.1,75.0,73.7,75.5,71.0,74.2,73.6,0,0.2136,0
1,1,0,8.0,1,0.0,83.5,86.0,78.8,72.1,81.3,84.0,79.05,1,0.15000000000000002,0
1,1,0,10.6,1,0.0,85.5,68.6,73.3,49.9,83.0,72.8,69.75,1,0.24640000000000006,0
1,1,1,7.0,0,0.0,76.6,77.8,65.2,65.1,70.2,60.4,65.225,1,0.22680000000000003,0
1,1,1,6.0,0,2.0,20.0,37.0,16.0,22.0,58.0,36.0,33.0,0,0.6980000000000001,1
0,1,0,12.0,3,0.0,80.0,83.0,64.0,70.0,57.0,73.0,66.0,0,0.182,0
1,1,1,13.0,4,0.0,86.0,95.0,76.0,41.0,76.0,53.0,61.5,0,0.08600000000000003,0
1,1,1,13.0,4,0.0,87.0,92.0,74.0,59.0,59.0,87.0,69.75,0,0.09999999999999998,0
0,1,1,12.8,4,0.0,75.1,82.2,63.0,54.7,91.4,74.2,70.825,0,0.20640000000000003,0
0,1,0,14.0,4,0.0,74.0,75.0,68.0,55.0,63.0,68.0,63.5,0,0.254,0
0,1,0,11.0,3,0.0,85.0,76.0,62.0,65.0,77.0,57.0,65.25,0,0.20400000000000001,0
0,0,1,14.0,3,0.0,78.0,82.0,57.0,50.0,59.0,64.0,57.5,0,0.196,0
1,1,1,12.0,2,0.0,79.0,80.0,62.0,56.0,86.0,79.0,70.75,0,0.20399999999999996,0
1,1,0,6.0,0,0.0,79.1,81.4,66.3,57.4,69.4,68.0,65.275,0,0.19519999999999998,0
0,0,0,13.9,3,0.0,86.9,78.4,62.8,57.6,49.4,54.2,56.0,1,0.18199999999999994,0
0,0,0,12.4,3,0.0,77.7,81.1,59.3,64.5,71.0,58.8,63.400000000000006,1,0.20260000000000003,0
0,1,1,10.0,3,1.0,75.0,84.0,58.0,72.0,74.0,80.0,71.0,0,0.196,0
0,1,1,13.4,4,0.0,85.1,87.4,85.0,93.8,87.6,89.7,89.02499999999999,1,0.13519999999999993,0
0,1,1,13.0,3,0.0,85.0,90.0,76.0,65.0,76.0,62.0,69.75,0,0.12,0
0,0,0,12.0,3,1.0,69.0,63.0,40.0,40.0,34.0,40.0,38.5,0,0.34600000000000003,1
0,1,0,14.0,4,0.0,72.0,76.0,68.0,69.0,70.0,71.0,69.5,0,0.256,0
1,1,0,12.0,3,2.0,85.0,94.0,49.0,81.0,90.0,43.0,65.75,0,0.09600000000000004,0
1,1,1,13.0,4,0.0,95.0,94.0,60.0,89.0,79.0,54.0,70.5,0,0.05600000000000005,0
0,1,1,12.0,3,0.0,87.0,76.0,37.0,57.0,66.0,57.0,54.25,0,0.196,0
1,1,0,13.0,4,0.0,98.0,98.0,63.0,83.0,96.0,46.0,72.0,0,0.020000000000000018,0
0,1,0,13.0,4,0.0,85.0,81.0,64.0,70.0,66.0,64.0,66.0,0,0.174,0
0,1,1,10.0,4,0.0,76.0,97.0,57.0,81.0,76.0,76.0,72.5,0,0.11400000000000002,0
1,1,1,6.0,0,0.0,85.0,87.0,68.0,57.0,57.0,63.0,61.25,0,0.138,0
1,1,1,12.0,3,2.0,98.0,99.0,70.0,47.0,90.0,64.0,67.75,0,0.014000000000000012,0
1,1,0,12.0,3,1.0,98.0,90.0,88.0,54.0,77.0,70.0,72.25,0,0.06799999999999999,0
0,1,1,12.3,4,0.0,79.4,80.2,81.6,74.5,84.5,73.6,78.55,1,0.20119999999999993,0
1,1,0,6.0,0,2.0,20.0,37.0,25.0,18.0,24.0,36.0,25.75,0,0.6980000000000001,1
0,1,1,13.0,4,0.0,79.0,75.0,69.0,62.0,66.0,72.0,67.25,0,0.23399999999999999,0
0,1,1,9.9,4,0.0,80.7,71.7,79.1,59.2,75.3,65.1,69.67500000000001,1,0.24699999999999994,0
1,1,0,7.0,0,2.0,20.0,37.0,11.0,36.0,52.0,43.0,35.5,0,0.6980000000000001,1
0,0,1,13.0,4,0.0,91.0,89.0,75.0,71.0,74.0,79.0,74.75,0,0.10199999999999998,0
0,0,1,12.0,3,0.0,79.0,79.0,68.0,57.0,72.0,68.0,66.25,0,0.20999999999999996,0
0,0,1,14.0,4,0.0,82.0,83.0,51.0,61.0,48.0,57.0,54.25,0,0.17400000000000004,0
1,1,1,9.0,1,0.0,76.6,77.8,65.2,65.1,70.2,60.4,65.225,1,0.22680000000000003,0
1,1,1,9.0,1,0.0,91.0,95.0,56.0,48.0,73.0,40.0,54.25,0,0.06600000000000002,0
0,1,0,13.0,4,0.0,89.5,92.3,91.4,82.9,89.3,86.2,87.45,1,0.08820000000000003,0
1,1,1,13.0,4,0.0,87.0,92.0,87.0,95.0,90.0,64.0,84.0,0,0.09999999999999998,0
0,1,0,13.0,4,0.0,86.0,85.0,81.0,67.0,59.0,53.0,65.0,0,0.14600000000000002,0
1,1,1,13.0,4,0.0,95.0,88.0,78.0,46.0,56.0,90.0,67.5,0,0.09200000000000001,0
1,1,1,10.0,1,0.0,75.0,79.0,66.0,66.0,71.0,65.0,67.0,0,0.22599999999999998,0
0,1,0,14.0,3,0.0,81.0,88.0,84.0,86.0,86.0,78.0,83.5,0,0.14799999999999996,0
0,1,0,14.0,3,0.0,95.0,99.0,85.0,83.0,75.0,86.0,82.25,0,0.026000000000000023,0
1,1,0,9.0,0,0.0,87.0,77.0,65.0,74.0,72.0,80.0,72.75,0,0.19,0
1,1,1,8.0,1,0.0,78.0,74.0,66.0,74.0,70.0,74.0,71.0,0,0.244,0
0,1,1,11.0,4,0.0,83.0,77.0,63.0,57.0,85.0,78.0,70.75,0,0.20600000000000002,0
1,1,0,8.0,1,0.0,89.0,87.0,87.0,47.0,47.0,89.0,67.5,0,0.122,0
0,0,0,13.0,4,0.0,91.0,95.0,73.0,80.0,70.0,78.0,75.25,0,0.06600000000000002,0
1,1,0,13.0,4,0.0,89.0,91.0,75.0,88.0,54.0,89.0,76.5,0,0.09799999999999998,0
1,1,0,12.0,2,1.0,94.0,97.0,89.0,40.0,54.0,46.0,57.25,0,0.04200000000000004,0
0,1,1,13.0,4,0.0,81.0,80.0,79.0,74.0,84.0,73.0,77.5,0,0.19599999999999995,0
0,1,1,13.5,4,0.0,68.5,72.6,52.3,61.4,62.5,57.7,58.475,1,0.2904,0
0,1,1,14.0,3,0.0,85.0,85.0,78.0,79.0,73.0,78.0,77.0,0,0.15000000000000002,0
1,1,1,10.0,1,0.0,86.4,89.6,62.2,58.5,59.6,64.5,61.2,1,0.11680000000000001,0
0,1,0,13.0,4,0.0,95.0,99.0,70.0,84.0,72.0,82.0,77.0,0,0.026000000000000023,0
1,1,0,7.0,1,0.0,79.9,81.8,65.4,68.7,60.8,64.8,64.92500000000001,1,0.18960000000000002,0
1,1,1,6.0,0,0.0,77.8,80.5,70.7,56.7,76.3,65.1,67.19999999999999,1,0.20579999999999996,0
1,1,1,13.0,4,0.0,72.0,77.0,49.0,50.0,59.0,51.0,52.25,0,0.25,0
0,1,1,10.0,3,0.0,84.6,80.3,82.2,63.3,66.6,87.7,74.95,0,0.17980000000000004,0
1,1,0,13.0,4,0.0,94.0,87.0,60.0,74.0,64.0,71.0,67.25,0,0.10200000000000002,0
1,1,1,9.0,1,0.0,78.6,77.3,70.1,69.7,77.5,72.1,72.35,1,0.22180000000000002,0
0,1,1,9.1,3,0.0,71.5,81.1,69.3,52.6,71.4,73.0,66.575,0,0.22740000000000005,0
1,1,0,11.1,0,0.0,83.1,82.3,62.4,65.8,68.1,81.6,69.475,1,0.17380000000000007,0
1,1,0,10.0,2,1.0,74.0,70.0,70.0,87.0,72.0,67.0,74.0,0,0.28400000000000003,0
0,1,1,11.2,3,0.0,86.7,75.1,63.9,66.1,71.7,50.4,63.025,1,0.20260000000000006,0
1,1,1,12.0,3,0.0,88.0,92.0,67.0,75.0,78.0,56.0,69.0,0,0.09599999999999997,0
1,1,0,11.0,0,0.0,86.0,81.0,63.0,69.0,67.0,81.0,70.0,0,0.16999999999999998,0
0,1,0,14.0,4,0.0,80.0,83.0,57.0,54.0,59.0,58.0,57.0,0,0.182,0
0,1,0,12.0,4,0.0,77.0,84.0,67.0,75.0,76.0,64.0,70.5,0,0.188,0
0,1,1,12.0,2,0.0,87.0,87.0,76.0,77.0,68.0,74.0,73.75,0,0.13,0
1,1,0,11.0,1,1.0,92.0,87.0,72.0,56.0,93.0,71.0,73.0,0,0.10999999999999999,0
0,1,0,10.0,4,0.0,94.4,90.2,79.3,76.2,78.8,60.9,73.8,1,0.08119999999999997,0
0,1,1,11.0,0,0.0,77.0,84.0,76.0,77.0,77.0,70.0,75.0,0,0.188,0
1,1,0,13.0,4,1.0,94.0,97.0,92.0,65.0,81.0,77.0,78.75,0,0.04200000000000004,0
1,1,0,6.0,0,1.0,88.0,92.0,88.0,71.0,73.0,43.0,68.75,0,0.09599999999999997,0
0,1,1,9.2,0,0.0,85.6,93.5,64.4,61.1,66.3,73.4,66.30000000000001,0,0.09659999999999998,0
0,1,0,12.0,3,0.0,96.0,90.0,65.0,82.0,61.0,74.0,70.5,0,0.076,0
1,1,1,6.0,0,0.0,78.0,74.0,66.0,74.0,70.0,74.0,71.0,0,0.244,0
1,1,1,8.0,1,2.0,20.0,37.0,36.0,21.0,22.0,46.0,31.25,0,0.6980000000000001,1
1,1,1,13.6,3,0.0,61.4,73.0,52.3,40.5,52.8,43.7,47.325,1,0.3164,1
0,1,1,14.0,4,0.0,84.0,87.0,82.0,75.0,76.0,84.0,79.25,0,0.14200000000000002,0
0,1,1,12.3,4,0.0,81.1,75.9,80.3,89.1,52.6,78.4,75.1,1,0.2202,0
1,1,1,6.0,0,0.0,86.0,89.0,90.0,41.0,90.0,48.0,67.25,0,0.122,0
1,1,0,12.0,2,0.0,86.0,95.0,64.0,70.0,78.0,43.0,63.75,0,0.08600000000000003,0
1,1,0,6.0,0,2.0,20.0,37.0,25.0,44.0,44.0,34.0,36.75,0,0.6980000000000001,1
0,1,1,9.4,0,0.0,71.5,74.3,69.4,68.4,55.3,57.4,62.62500000000001,1,0.2682,0
0,1,0,11.5,4,0.0,88.9,89.0,76.3,61.7,74.8,60.9,68.425,0,0.11039999999999998,0
0,1,1,12.0,2,0.0,86.0,87.0,68.0,66.0,78.0,79.0,72.75,0,0.134,0
1,1,1,7.0,0,0.0,78.0,74.0,66.0,74.0,70.0,74.0,71.0,0,0.244,0
1,1,1,8.0,1,2.0,65.0,64.0,59.0,60.0,57.0,57.0,58.25,0,0.356,0
0,0,1,13.0,3,0.0,70.0,74.0,42.0,49.0,45.0,43.0,44.75,0,0.276,1
1,1,0,10.2,0,0.0,82.6,81.4,62.7,73.2,61.1,65.7,65.675,0,0.18119999999999997,0
1,1,0,8.0,1,0.0,75.4,71.0,62.2,67.1,66.2,53.4,62.225,0,0.27240000000000003,0
0,1,0,14.2,4,0.0,81.2,88.5,61.8,58.8,58.6,51.6,57.7,0,0.1442,0
1,1,0,13.0,4,0.0,87.0,97.0,56.0,94.0,60.0,87.0,74.25,0,0.07000000000000002,0
1,1,0,12.0,2,0.0,78.0,74.0,66.0,74.0,70.0,74.0,71.0,0,0.244,0
1,1,0,12.0,2,0.0,82.0,73.0,66.0,87.0,66.0,54.0,68.25,0,0.23400000000000004,0
0,0,0,13.0,4,0.0,72.0,76.0,57.0,53.0,45.0,58.0,53.25,0,0.256,1
1,1,1,7.0,1,3.0,20.0,37.0,61.0,19.0,39.0,44.0,40.75,0,0.6980000000000001,1
0,1,1,14.0,3,0.0,85.0,92.0,77.0,84.0,73.0,85.0,79.75,0,0.10799999999999998,0
1,1,1,10.0,1,1.0,88.0,92.0,88.0,71.0,73.0,43.0,68.75,0,0.09599999999999997,0
1,1,0,7.0,1,0.0,92.0,85.0,69.0,57.0,68.0,68.0,65.5,0,0.122,0
0,1,0,11.7,2,0.0,88.5,91.4,80.9,86.2,92.5,88.3,86.97500000000001,1,0.09759999999999998,0
0,1,1,11.0,4,0.0,84.0,78.0,73.0,77.0,75.0,61.0,71.5,0,0.196,0
1,1,1,8.0,1,0.0,85.0,87.0,68.0,57.0,57.0,63.0,61.25,0,0.138,0
1,1,1,12.0,2,0.0,86.0,99.0,60.0,56.0,57.0,76.0,62.25,0,0.06200000000000001,0
0,1,0,14.2,4,0.0,88.5,77.8,67.5,70.6,65.1,66.1,67.32499999999999,0,0.17919999999999997,0
1,1,1,13.0,4,0.0,96.0,93.0,47.0,58.0,87.0,85.0,69.25,0,0.05799999999999998,0
0,1,1,14.0,3,0.0,74.6,79.0,57.4,62.3,68.2,69.4,64.32499999999999,1,0.22759999999999997,0
1,1,1,12.0,3,0.0,96.0,90.0,69.0,76.0,51.0,56.0,63.0,0,0.076,0
1,1,1,12.0,3,0.0,97.0,94.0,79.0,78.0,63.0,42.0,65.5,0,0.04800000000000004,0
0,0,0,12.3,4,0.0,75.2,75.5,51.6,60.7,55.2,58.9,56.6,1,0.2462,0
0,1,1,11.0,2,0.0,77.0,79.0,80.0,71.0,76.0,72.0,74.75,0,0.21799999999999997,0
0,0,1,12.0,3,0.0,82.0,89.0,76.0,68.0,65.0,72.0,70.25,0,0.138,0
1,1,1,13.0,4,1.0,93.0,95.0,50.0,95.0,83.0,87.0,78.75,0,0.05800000000000001,0
1,1,0,12.0,2,0.0,85.0,94.0,70.0,63.0,81.0,93.0,76.75,0,0.09600000000000004,0
1,1,0,13.0,4,0.0,96.0,98.0,78.0,77.0,62.0,96.0,78.25,0,0.028000000000000025,0
1,1,1,8.0,0,0.0,77.8,80.5,70.7,56.7,76.3,65.1,67.19999999999999,1,0.20579999999999996,0
1,1,1,6.0,0,0.0,88.0,92.0,94.0,73.0,61.0,62.0,72.5,0,0.09599999999999997,0
1,1,1,13.0,4,0.0,93.0,97.0,57.0,66.0,56.0,45.0,56.0,0,0.046,0
0,1,0,12.0,2,0.0,88.0,94.0,81.0,82.0,93.0,84.0,85.0,0,0.08400000000000003,0
1,1,1,7.0,1,0.0,86.4,89.6,62.2,58.5,59.6,64.5,61.2,1,0.11680000000000001,0
1,1,1,12.0,2,0.0,90.0,95.0,91.0,72.0,84.0,45.0,73.0,0,0.07000000000000002,0
0,1,0,12.0,3,0.0,75.3,83.9,73.6,74.9,66.1,70.6,71.3,1,0.19539999999999996,0
0,1,0,9.5,3,0.0,79.9,97.4,78.0,72.5,57.9,81.7,72.525,0,0.09599999999999993,0
0,1,1,14.0,3,0.0,78.0,76.0,64.0,52.0,59.0,57.0,58.0,0,0.23199999999999998,0
0,1,0,13.4,3,0.0,71.7,69.1,43.2,52.8,47.6,49.6,48.3,0,0.2986,1
0,0,1,14.0,3,2.0,67.0,71.0,63.0,68.0,64.0,68.0,65.75,0,0.306,0
0,0,0,14.0,3,0.0,85.0,87.0,68.0,57.0,57.0,63.0,61.25,0,0.138,0
1,1,1,6.0,0,0.0,92.0,85.0,69.0,57.0,68.0,68.0,65.5,0,0.122,0
1,1,0,12.0,3,1.0,85.0,93.0,94.0,79.0,51.0,48.0,68.0,0,0.10199999999999998,0
1,1,0,13.0,4,0.0,94.0,98.0,66.0,65.0,58.0,94.0,70.75,0,0.03600000000000003,0
0,1,0,12.0,4,0.0,82.0,88.0,75.0,61.0,74.0,62.0,68.0,0,0.14400000000000002,0
0,1,0,13.7,4,0.0,83.5,80.1,65.7,76.1,70.2,70.6,70.65,0,0.18540000000000006,0
1,1,1,12.0,3,0.0,90.0,95.0,51.0,69.0,54.0,44.0,54.5,0,0.07000000000000002,0
0,1,1,10.0,3,0.0,76.0,79.0,73.0,63.0,74.0,70.0,70.0,0,0.22199999999999998,0
0,1,1,10.0,3,0.0,83.0,83.0,91.0,75.0,48.0,71.0,71.25,0,0.17000000000000004,0
0,1,0,14.0,4,0.0,85.0,88.0,78.0,81.0,78.0,87.0,81.0,0,0.132,0
1,1,1,12.0,3,1.0,88.0,92.0,88.0,71.0,73.0,43.0,68.75,0,0.09599999999999997,0
0,1,0,9.7,1,0.0,77.5,79.6,44.7,53.2,51.9,48.8,49.650000000000006,0,0.21240000000000003,0
1,1,1,13.0,4,0.0,91.0,92.0,73.0,86.0,71.0,91.0,80.25,0,0.08399999999999996,0
1,1,0,13.0,4,0.0,92.0,92.0,49.0,56.0,89.0,92.0,71.5,0,0.07999999999999996,0
0,0,1,13.0,4,0.0,95.0,96.0,77.0,72.0,80.0,76.0,76.25,0,0.04400000000000004,0
0,1,1,15.0,4,0.0,88.0,87.0,80.0,76.0,82.0,87.0,81.25,0,0.126,0
0,1,1,13.0,3,0.0,87.0,83.0,67.0,95.0,75.0,61.0,74.5,0,0.15400000000000003,0
0,1,0,12.7,4,0.0,80.5,82.7,73.3,86.6,69.5,76.0,76.35,0,0.18179999999999996,0
0,1,0,14.0,3,0.0,86.0,88.0,86.0,88.0,85.0,81.0,85.0,0,0.128,0
1,1,1,11.0,1,2.0,91.0,94.0,60.0,67.0,69.0,80.0,69.0,0,0.07200000000000002,0
1,1,1,12.0,3,0.0,86.0,99.0,61.0,73.0,54.0,82.0,67.5,0,0.06200000000000001,0
0,1,1,14.0,4,0.0,74.0,69.0,52.0,60.0,62.0,52.0,56.5,0,0.29000000000000004,0
0,1,0,12.0,2,0.0,59.5,66.8,49.5,44.2,40.5,36.1,42.575,1,0.3612000000000001,1
1,1,1,12.0,3,0.0,86.0,95.0,69.0,49.0,53.0,56.0,56.75,0,0.08600000000000003,0
1,1,0,12.0,3,0.0,98.0,93.0,59.0,91.0,90.0,44.0,71.0,0,0.049999999999999975,0
0,1,1,13.4,3,0.0,88.3,91.2,77.7,73.7,67.7,65.5,71.15,0,0.09959999999999998,0
1,1,0,13.0,4,0.0,96.0,90.0,66.0,55.0,65.0,96.0,70.5,0,0.076,0
1,1,0,11.0,1,0.0,92.0,93.0,73.0,77.0,70.0,89.0,77.25,0,0.07399999999999995,0
1,1,0,12.0,2,1.0,85.0,89.0,64.0,51.0,79.0,71.0,66.25,0,0.126,0
1,1,0,8.0,1,0.0,91.0,95.0,56.0,48.0,73.0,40.0,54.25,0,0.06600000000000002,0
0,1,0,13.3,4,0.0,79.3,88.7,80.8,87.7,85.3,87.2,85.25,1,0.1506,0
0,1,0,11.0,2,0.0,98.0,91.0,92.0,92.0,92.0,88.0,91.0,0,0.061999999999999986,0
0,0,1,13.0,3,1.0,83.0,78.0,67.0,61.0,67.0,68.0,65.75,0,0.2,0
1,1,1,8.0,1,2.0,20.0,37.0,28.0,46.0,36.0,34.0,36.0,0,0.6980000000000001,1
0,1,1,13.0,3,0.0,84.0,84.0,73.0,84.0,77.0,76.0,77.5,0,0.16000000000000003,0
1,1,1,12.0,3,0.0,88.0,90.0,77.0,93.0,67.0,63.0,75.0,0,0.10799999999999998,0
1,1,0,12.0,2,0.0,88.0,88.0,94.0,89.0,52.0,94.0,82.25,0,0.12,0
1,1,0,5.0,0,0.0,91.0,89.0,77.0,95.0,74.0,56.0,75.5,0,0.10199999999999998,0
1,1,1,5.0,0,2.0,20.0,37.0,24.0,38.0,14.0,85.0,40.25,0,0.6980000000000001,1
0,0,1,12.9,4,0.0,85.9,84.4,49.6,64.9,60.1,62.8,59.35,0,0.1499999999999999,0
1,1,1,8.0,1,0.0,92.0,85.0,69.0,57.0,68.0,68.0,65.5,0,0.122,0
1,1,1,7.0,0,0.0,83.5,86.0,78.8,72.1,81.3,84.0,79.05,1,0.15000000000000002,0
1,1,1,7.0,0,0.0,75.0,79.0,66.0,66.0,71.0,65.0,67.0,0,0.22599999999999998,0
1,1,1,13.0,4,0.0,88.0,96.0,79.0,84.0,59.0,86.0,77.0,0,0.07200000000000002,0
1,1,0,10.2,1,0.0,79.9,84.6,67.2,64.8,76.7,86.4,73.775,1,0.1728,0
0,0,1,12.0,3,1.0,74.0,71.0,50.0,46.0,38.0,43.0,44.25,0,0.278,1
1,1,1,13.0,4,0.0,92.0,92.0,48.0,58.0,90.0,92.0,72.0,0,0.07999999999999996,0
0,1,0,15.3,4,0.0,74.0,77.3,51.2,49.3,53.4,53.5,51.85,1,0.2402,0
1,1,0,9.0,1,0.0,85.0,87.0,68.0,57.0,57.0,63.0,61.25,0,0.138,0
0,1,0,13.2,4,0.0,81.7,91.3,61.0,59.9,58.5,53.5,58.225,0,0.1254,0
0,0,0,14.0,4,0.0,72.0,69.0,69.0,70.0,69.0,71.0,69.75,0,0.29800000000000004,0
1,1,1,13.0,4,0.0,96.0,93.0,58.0,74.0,81.0,76.0,72.25,0,0.05799999999999998,0
0,1,0,12.0,3,0.0,62.0,65.0,39.0,48.0,38.0,52.0,44.25,0,0.362,1
0,1,0,14.0,4,0.0,81.0,89.0,61.0,59.0,58.0,52.0,57.5,0,0.14199999999999996,0
0,1,0,11.0,4,0.0,81.0,70.0,56.0,76.0,72.0,60.0,66.0,0,0.256,0
0,0,1,12.1,3,0.0,79.1,81.4,66.3,57.4,69.4,68.0,65.275,0,0.19519999999999998,0
0,0,1,14.0,3,0.0,78.0,80.0,70.0,60.0,65.0,60.0,63.75,0,0.20799999999999996,0
0,1,0,13.0,4,0.0,91.0,94.0,93.0,80.0,90.0,82.0,86.25,0,0.07200000000000002,0
1,1,0,12.0,2,0.0,95.0,88.0,71.0,55.0,60.0,72.0,64.5,0,0.09200000000000001,0
1,1,1,13.0,4,0.0,98.0,87.0,56.0,71.0,91.0,58.0,69.0,0,0.08600000000000001,0
1,1,0,12.0,2,2.0,87.0,95.0,62.0,70.0,66.0,82.0,70.0,0,0.08200000000000003,0
0,1,0,14.0,3,0.0,74.0,70.0,65.0,62.0,59.0,56.0,60.5,0,0.28400000000000003,0
0,1,0,13.0,3,0.0,68.0,76.0,61.0,62.0,62.0,71.0,64.0,0,0.27199999999999996,0
0,0,0,13.0,4,0.0,74.0,76.0,64.0,53.0,55.0,60.0,58.0,0,0.248,0
1,1,1,13.0,4,0.0,91.0,97.0,46.0,63.0,85.0,91.0,71.25,0,0.054000000000000006,0
0,0,1,13.0,3,0.0,79.0,72.0,57.0,50.0,47.0,56.0,52.5,0,0.252,1
1,1,0,12.0,2,0.0,94.0,92.0,66.0,42.0,64.0,78.0,62.5,0,0.072,0
1,1,1,11.0,1,1.0,63.0,69.0,45.0,50.0,46.0,51.0,48.0,0,0.334,1
1,1,0,8.0,1,0.0,77.8,80.5,70.7,56.7,76.3,65.1,67.19999999999999,1,0.20579999999999996,0
0,1,1,13.0,3,0.0,87.0,83.0,78.0,66.0,72.0,80.0,74.0,0,0.15400000000000003,0
0,1,1,10.0,3,0.0,86.0,82.6,85.7,70.0,47.7,71.3,68.675,1,0.16040000000000004,0
1,1,0,12.0,2,0.0,92.0,90.0,83.0,95.0,87.0,52.0,79.25,0,0.09199999999999997,0
1,1,0,7.0,1,0.0,96.0,99.0,90.0,76.0,89.0,96.0,87.75,0,0.02200000000000002,0
0,1,1,12.9,4,0.0,80.2,77.2,72.1,63.6,67.0,65.4,67.025,1,0.21599999999999997,0
0,0,1,13.2,3,0.0,73.4,75.0,43.0,49.9,46.6,42.2,45.425,1,0.25639999999999996,1
1,1,1,6.0,0,1.0,88.0,92.0,88.0,71.0,73.0,43.0,68.75,0,0.09599999999999997,0
1,1,0,7.0,0,2.0,20.0,37.0,25.0,27.0,25.0,53.0,32.5,0,0.6980000000000001,1
1,1,1,13.0,4,0.0,93.0,99.0,81.0,43.0,93.0,93.0,77.5,0,0.03399999999999999,0
0,1,0,14.0,4,0.0,77.0,82.0,70.0,74.0,75.0,67.0,71.5,0,0.2,0
0,0,1,14.0,4,0.0,85.0,84.0,67.0,76.0,67.0,72.0,70.5,0,0.15600000000000003,0
1,1,1,12.0,3,0.0,92.0,92.0,63.0,90.0,81.0,50.0,71.0,0,0.07999999999999996,0
1,1,0,10.0,1,1.0,80.0,81.0,69.0,66.0,75.0,88.0,74.5,0,0.19399999999999995,0
1,1,0,12.0,2,0.0,85.0,96.0,84.0,77.0,69.0,63.0,73.25,0,0.08400000000000003,0
0,1,1,13.0,4,0.0,81.2,75.4,64.9,63.3,68.5,72.8,67.375,1,0.22279999999999997,0
0,0,1,13.0,3,2.0,67.0,74.0,60.0,60.0,50.0,52.0,55.5,0,0.288,1
1,1,0,9.0,1,0.0,89.0,87.0,87.0,47.0,64.0,89.0,71.75,0,0.122,0
1,1,1,9.0,1,0.0,74.0,82.0,75.0,76.0,57.0,54.0,65.5,0,0.21200000000000002,0
1,1,0,6.0,0,0.0,78.6,77.3,70.1,69.7,77.5,72.1,72.35,1,0.22180000000000002,0
0,1,0,12.0,4,0.0,79.0,85.0,75.0,85.0,67.0,74.0,75.25,0,0.174,0
0,1,0,14.0,4,0.0,77.0,81.0,54.0,84.0,85.0,67.0,72.5,0,0.20599999999999996,0
0,1,0,14.1,3,0.0,96.3,97.5,86.4,81.4,74.4,85.7,81.97500000000001,0,0.029800000000000028,0
1,1,0,12.0,2,0.0,87.0,92.0,59.0,41.0,63.0,58.0,55.25,0,0.09999999999999998,0
0,1,0,12.0,2,1.0,91.0,91.0,75.0,76.0,71.0,71.0,73.25,0,0.08999999999999997,0
1,1,1,13.4,3,1.0,63.1,70.6,53.0,39.5,57.6,44.9,48.75,0,0.32400000000000007,1
1,1,1,9.0,1,2.0,20.0,37.0,34.0,25.0,38.0,25.0,30.5,0,0.6980000000000001,1
0,0,0,13.0,4,0.0,75.0,79.0,66.0,66.0,71.0,65.0,67.0,0,0.22599999999999998,0
0,1,1,12.0,3,1.0,70.0,85.0,63.0,75.0,79.0,79.0,74.0,0,0.21000000000000002,0
0,1,0,12.1,2,0.0,89.2,87.4,76.0,77.7,71.4,71.2,74.075,1,0.11879999999999993,0
1,1,1,13.0,4,0.0,91.0,87.0,51.0,85.0,60.0,47.0,60.75,0,0.11399999999999999,0
0,1,1,11.7,4,0.0,84.3,89.2,59.7,86.6,73.9,58.4,69.65,1,0.1276,0
1,1,0,12.0,2,0.0,93.0,94.0,91.0,50.0,58.0,90.0,72.25,0,0.06400000000000002,0
1,1,0,11.0,0,1.0,73.0,69.0,64.0,68.0,57.0,66.0,63.75,0,0.29400000000000004,0
1,1,1,13.0,4,0.0,96.0,92.0,60.0,83.0,91.0,47.0,70.25,0,0.06399999999999999,0
1,1,0,13.0,4,0.0,96.0,92.0,74.0,73.0,52.0,93.0,73.0,0,0.06399999999999999,0
1,1,0,12.0,2,1.0,94.0,94.0,65.0,58.0,68.0,62.0,63.25,0,0.06000000000000005,0
0,1,0,11.0,4,0.0,96.0,95.0,79.0,76.0,82.0,60.0,74.25,0,0.04600000000000004,0
1,1,0,9.0,1,2.0,20.0,37.0,33.0,10.0,36.0,47.0,31.5,0,0.6980000000000001,1
0,0,1,13.0,4,0.0,86.0,88.0,60.0,58.0,62.0,63.0,60.75,0,0.128,0
1,1,1,13.0,4,0.0,93.0,89.0,58.0,47.0,65.0,93.0,65.75,0,0.09399999999999997,0
0,1,1,9.6,4,0.0,84.2,81.6,79.2,62.9,58.5,72.3,68.225,0,0.17359999999999998,0
0,1,0,14.0,3,0.0,71.0,73.0,44.0,53.0,50.0,48.0,48.75,0,0.278,1
1,1,0,13.0,4,0.0,87.0,89.0,75.0,94.0,84.0,44.0,74.25,0,0.118,0
1,1,0,9.0,1,1.0,94.0,97.0,89.0,40.0,54.0,46.0,57.25,0,0.04200000000000004,0
0,0,1,14.0,3,0.0,70.0,71.0,70.0,67.0,58.0,72.0,66.75,0,0.29400000000000004,0
1,1,1,13.0,4,0.0,95.0,91.0,61.0,91.0,70.0,95.0,79.25,0,0.074,0
0,1,0,13.0,3,0.0,82.0,81.0,75.0,73.0,73.0,76.0,74.25,0,0.186,0
1,1,0,13.0,4,0.0,94.0,97.0,54.0,54.0,75.0,94.0,69.25,0,0.04200000000000004,0
1,1,0,12.0,3,0.0,97.0,93.0,47.0,40.0,67.0,46.0,50.0,0,0.05399999999999998,0
1,1,0,9.0,0,0.0,81.0,82.0,65.0,63.0,61.0,58.0,61.75,0,0.184,0
1,1,0,12.0,3,0.0,95.0,90.0,94.0,45.0,80.0,77.0,74.0,0,0.08,0
0,1,1,12.8,4,0.0,77.8,75.4,68.5,59.2,63.3,73.9,66.225,1,0.23639999999999997,0
1,1,1,13.0,4,0.0,92.0,87.0,61.0,64.0,94.0,92.0,77.75,0,0.10999999999999999,0
0,1,0,10.0,3,0.0,84.0,93.0,85.0,40.0,77.0,70.0,68.0,0,0.10599999999999998,0
0,1,1,12.0,3,2.0,67.0,69.0,54.0,52.0,55.0,60.0,55.25,0,0.318,0
0,1,0,14.4,3,0.0,78.9,75.6,52.7,59.1,59.5,63.2,58.625,1,0.23080000000000006,0
1,1,0,6.0,0,2.0,65.0,64.0,59.0,60.0,57.0,57.0,58.25,0,0.356,0
1,1,1,8.0,1,0.0,74.0,82.0,75.0,76.0,57.0,54.0,65.5,0,0.21200000000000002,0
1,1,1,9.0,1,0.0,75.0,79.0,66.0,66.0,71.0,65.0,67.0,0,0.22599999999999998,0
1,1,1,6.0,0,0.0,72.8,99.5,63.5,58.8,53.0,77.3,63.150000000000006,1,0.11180000000000001,0
0,1,0,12.0,2,0.0,61.0,69.0,48.0,44.0,40.0,36.0,42.0,0,0.3420000000000001,1
1,1,0,12.0,2,1.0,96.0,90.0,46.0,92.0,79.0,82.0,74.75,0,0.076,0
1,1,0,8.0,1,1.0,88.0,92.0,88.0,71.0,73.0,43.0,68.75,0,0.09599999999999997,0
1,1,1,6.0,0,0.0,75.4,71.0,62.2,67.1,66.2,53.4,62.225,0,0.27240000000000003,0
1,1,1,13.0,4,0.0,92.0,95.0,67.0,84.0,91.0,91.0,83.25,0,0.06200000000000001,0
1,1,1,10.0,1,0.0,79.0,75.0,63.0,65.0,55.0,67.0,62.5,0,0.23399999999999999,0
1,1,1,10.0,1,0.0,74.0,82.0,75.0,76.0,57.0,54.0,65.5,0,0.21200000000000002,0
0,1,0,12.0,3,0.0,71.0,73.0,57.0,63.0,55.0,59.0,58.5,0,0.278,0
1,1,0,12.0,3,0.0,98.0,96.0,49.0,49.0,52.0,73.0,55.75,0,0.03200000000000003,0
0,1,0,12.0,3,0.0,86.0,93.0,66.0,71.0,63.0,59.0,64.75,0,0.09799999999999998,0
0,1,1,10.7,4,0.0,86.2,75.2,64.3,60.2,86.0,77.8,72.075,1,0.204,0
1,1,0,13.0,4,0.0,94.0,98.0,75.0,72.0,57.0,87.0,72.75,0,0.03600000000000003,0
0,1,0,13.0,3,0.0,76.0,80.0,79.0,63.0,67.0,58.0,66.75,0,0.21599999999999997,0
0,1,1,12.0,3,0.0,90.0,88.0,82.0,72.0,74.0,83.0,77.75,0,0.11199999999999999,0
1,1,1,9.0,1,2.0,20.0,37.0,29.0,16.0,11.0,47.0,25.75,0,0.6980000000000001,1
0,0,0,13.0,4,0.0,90.0,97.0,78.0,83.0,75.0,73.0,77.25,0,0.05800000000000001,0
1,1,1,8.0,1,0.0,96.0,90.0,66.0,55.0,65.0,96.0,70.5,0,0.076,0
1,1,0,12.0,2,0.0,95.0,98.0,61.0,57.0,80.0,89.0,71.75,0,0.03200000000000003,0
0,0,1,15.0,4,0.0,70.0,76.0,48.0,60.0,52.0,50.0,52.5,0,0.264,1
0,1,1,13.0,4,0.0,79.0,79.0,65.0,79.0,71.0,72.0,71.75,0,0.20999999999999996,0
0,1,1,13.0,4,0.0,76.0,82.0,64.0,55.0,88.0,70.0,69.25,0,0.20400000000000001,0
0,1,1,10.0,3,0.0,74.0,86.0,77.0,74.0,68.0,61.0,70.0,0,0.188,0
0,0,0,12.3,3,0.0,69.5,77.9,65.1,64.1,69.5,60.7,64.85,1,0.2546,0
1,1,1,7.0,0,0.0,77.8,80.5,70.7,56.7,76.3,65.1,67.19999999999999,1,0.20579999999999996,0
0,1,1,10.0,4,0.0,78.0,88.0,69.0,70.0,81.0,64.0,71.0,0,0.15999999999999998,0
0,1,1,13.0,4,0.0,82.0,76.0,71.0,62.0,69.0,66.0,67.0,0,0.21600000000000003,0
0,1,1,9.0,3,0.0,73.0,84.0,56.0,71.0,76.0,71.0,68.5,0,0.20400000000000001,0
1,1,0,8.0,1,2.0,20.0,37.0,25.0,14.0,47.0,33.0,29.75,0,0.6980000000000001,1
1,1,1,13.0,4,0.0,91.0,90.0,92.0,71.0,58.0,43.0,66.0,0,0.09599999999999997,0
1,1,1,13.0,4,0.0,96.0,98.0,48.0,86.0,93.0,96.0,80.75,0,0.028000000000000025,0
0,1,1,13.4,4,0.0,71.9,71.9,52.9,57.4,60.6,58.5,57.35,0,0.2809999999999999,0
1,1,1,13.0,4,0.0,89.0,88.0,57.0,86.0,62.0,89.0,73.5,0,0.11599999999999999,0
1,1,0,13.0,4,0.0,87.0,98.0,78.0,82.0,77.0,40.0,69.25,0,0.06400000000000002,0
0,1,1,12.0,3,0.0,80.0,77.0,61.0,68.0,72.0,72.0,68.25,0,0.21799999999999997,0
0,1,0,10.0,3,0.0,81.0,80.0,62.0,63.0,79.0,73.0,69.25,0,0.19599999999999995,0
0,1,0,13.0,3,0.0,89.0,90.0,78.0,80.0,71.0,80.0,77.25,0,0.10399999999999998,0
0,1,1,14.0,4,0.0,68.0,67.0,60.0,67.0,74.0,71.0,68.0,0,0.32599999999999996,0
1,1,1,7.0,1,0.0,74.0,82.0,75.0,76.0,57.0,54.0,65.5,0,0.21200000000000002,0
0,1,1,10.4,3,0.0,72.6,87.8,74.8,74.5,65.8,60.8,68.97500000000001,1,0.18280000000000002,0
1,1,1,6.0,0,0.0,76.6,77.8,65.2,65.1,70.2,60.4,65.225,1,0.22680000000000003,0
0,1,0,14.0,4,0.0,77.0,82.0,73.0,72.0,70.0,72.0,71.75,0,0.2,0
1,1,1,13.0,4,0.0,89.0,97.0,46.0,64.0,88.0,89.0,71.75,0,0.06200000000000001,0
1,1,1,12.0,3,0.0,94.0,91.0,50.0,95.0,89.0,54.0,72.0,0,0.078,0
1,1,1,13.0,4,0.0,86.0,89.0,90.0,41.0,90.0,48.0,67.25,0,0.122,0
1,1,0,11.0,1,0.0,85.0,87.0,68.0,57.0,57.0,63.0,61.25,0,0.138,0
0,1,1,13.0,3,0.0,99.0,99.0,81.0,83.0,90.0,87.0,85.25,0,0.010000000000000009,0
0,0,1,14.0,4,0.0,78.0,80.0,58.0,52.0,62.0,58.0,57.5,0,0.20799999999999996,0
1,1,0,13.0,4,0.0,89.0,89.0,60.0,93.0,85.0,67.0,76.25,0,0.10999999999999999,0
0,1,0,14.0,4,0.0,78.5,84.9,68.5,58.1,65.9,65.9,64.6,1,0.17659999999999992,0
1,1,1,8.0,1,2.0,20.0,37.0,26.0,10.0,39.0,66.0,35.25,0,0.6980000000000001,1
